,rct,tsi,stfi,caliper,moisture,basis,cull,grade_CM020230,grade_CM020330,grade_CM020410,grade_NL050310,grade_NL050350,grade_NL050420,grade_CM020230,grade_CM020330,grade_CM020410,grade_NL050310,grade_NL050350,grade_NL050420,prediction
1,31.0,3.6191,12.6281,7.5877,10.3875,18.833,27.5,1,0,0,0,0,0,1,0,0,0,0,0,34.04570666218309
3,33.0,3.5727,10.7879,7.5949,9.4573,20.7275,27.5,1,0,0,0,0,0,1,0,0,0,0,0,32.196426404336805
4,35.0,3.7,10.3388,8.3957,6.3791,22.5969,27.5,1,0,0,0,0,0,1,0,0,0,0,0,34.289884374581675
5,31.0,3.5383,10.8117,7.8215,7.4921,22.8837,27.5,1,0,0,0,0,0,1,0,0,0,0,0,31.471980920042903
6,32.0,3.3717,10.046,7.7789,7.6272,22.9395,27.5,1,0,0,0,0,0,1,0,0,0,0,0,30.301346118937126
7,30.0,3.475,10.0847,7.9724,7.2037,22.9805,27.5,1,0,0,0,0,0,1,0,0,0,0,0,31.211391818102378
8,31.0,3.5464,9.7527,7.7237,8.0329,22.9954,27.5,1,0,0,0,0,0,1,0,0,0,0,0,30.961316923277806
9,31.0,3.4117,10.7531,8.0643,8.3074,23.0044,27.5,1,0,0,0,0,0,1,0,0,0,0,0,31.97793487522096
10,32.0,3.5236,10.4822,7.5447,7.6345,23.0382,27.5,1,0,0,0,0,0,1,0,0,0,0,0,30.702577881319982
11,28.0,3.49,10.7048,8.107,7.7554,23.0488,27.5,1,0,0,0,0,0,1,0,0,0,0,0,32.02447883576183
12,32.0,3.5264,10.2162,7.67,7.8933,23.0755,27.5,1,0,0,0,0,0,1,0,0,0,0,0,30.936753555075512
13,30.0,3.4908,9.9295,7.8871,7.2517,23.0829,27.5,1,0,0,0,0,0,1,0,0,0,0,0,31.020604804104586
14,29.0,3.4267,10.5599,7.7297,7.828,23.1068,27.5,1,0,0,0,0,0,1,0,0,0,0,0,30.82117576861514
15,30.0,3.4525,10.8996,7.8215,7.9119,23.1136,27.5,1,0,0,0,0,0,1,0,0,0,0,0,31.36129454164265
16,28.0,3.4925,11.1269,7.7231,7.964,23.1358,27.5,1,0,0,0,0,0,1,0,0,0,0,0,31.46173130755976
17,33.0,3.4817,10.6432,7.7231,7.7799,23.1461,27.5,1,0,0,0,0,0,1,0,0,0,0,0,31.06683606806866
18,30.0,3.48,10.6162,7.4311,8.1183,23.1461,27.5,1,0,0,0,0,0,1,0,0,0,0,0,30.640446958634136
19,33.0,3.5167,10.5071,7.5919,7.5146,23.1597,27.5,1,0,0,0,0,0,1,0,0,0,0,0,30.80796958495666
20,31.0,3.5425,10.1719,7.6509,6.773,23.1669,27.5,1,0,0,0,0,0,1,0,0,0,0,0,31.164862734871292
21,30.0,3.4467,10.5311,7.7953,7.1817,23.1686,27.5,1,0,0,0,0,0,1,0,0,0,0,0,30.984982850216333
22,28.0,3.3558,10.1544,7.6805,8.1116,23.1797,27.5,1,0,0,0,0,0,1,0,0,0,0,0,30.45428927402996
23,31.0,3.5075,10.7643,7.8478,7.6498,23.1819,27.5,1,0,0,0,0,0,1,0,0,0,0,0,31.499114306510087
24,32.0,3.47,10.2436,7.7165,7.8645,23.1872,27.5,1,0,0,0,0,0,1,0,0,0,0,0,30.84804364144607
25,31.0,3.4092,9.8433,7.8281,7.9804,23.189,27.5,1,0,0,0,0,0,1,0,0,0,0,0,30.73642903113479
26,32.0,3.4283,11.0804,7.8347,7.6332,23.1909,27.5,1,0,0,0,0,0,1,0,0,0,0,0,31.31598602705094
27,32.0,3.5633,9.4111,7.71,6.2425,23.2104,27.5,1,0,0,0,0,0,1,0,0,0,0,0,31.646044149246606
28,31.0,3.395,10.2468,7.9692,7.5342,23.2178,27.5,1,0,0,0,0,0,1,0,0,0,0,0,31.0248341363886
29,28.0,3.4436,9.6928,8.4431,8.4515,23.2226,27.5,1,0,0,0,0,0,1,0,0,0,0,0,32.84991898515944
30,33.0,3.5117,10.7193,7.605,8.0425,23.2229,27.5,1,0,0,0,0,0,1,0,0,0,0,0,31.13795046409144
31,31.0,3.5027,10.935,7.8168,7.9877,23.2393,27.5,1,0,0,0,0,0,1,0,0,0,0,0,31.65830793454959
32,34.0,3.6008,10.0986,7.8215,7.616,23.2673,27.5,1,0,0,0,0,0,1,0,0,0,0,0,31.510286824506323
33,32.0,3.5733,10.6595,7.5886,7.6601,23.2724,27.5,1,0,0,0,0,0,1,0,0,0,0,0,31.191185050840566
34,30.0,3.4991,10.4846,7.7094,7.7746,23.2728,27.5,1,0,0,0,0,0,1,0,0,0,0,0,31.067317869156078
35,32.0,3.4,10.5739,7.7309,7.8897,23.2747,27.5,1,0,0,0,0,0,1,0,0,0,0,0,30.81934796532564
36,32.0,3.565,11.0304,7.7264,7.9839,23.2877,27.5,1,0,0,0,0,0,1,0,0,0,0,0,31.77503299551708
37,28.0,3.4017,10.7433,7.5656,8.0643,23.2877,27.5,1,0,0,0,0,0,1,0,0,0,0,0,30.683174002725586
38,33.0,3.3417,10.2855,7.8215,8.1596,23.2911,27.5,1,0,0,0,0,0,1,0,0,0,0,0,30.861439325110844
39,32.0,3.6191,10.5116,7.6163,7.6836,23.3026,27.5,1,0,0,0,0,0,1,0,0,0,0,0,31.383776165342198
40,30.0,3.3933,11.1213,8.3235,7.9002,23.3212,27.5,1,0,0,0,0,0,1,0,0,0,0,0,32.64326994286292
41,30.0,3.5025,10.9266,7.7428,7.5807,23.3219,27.5,1,0,0,0,0,0,1,0,0,0,0,0,31.369663126796546
42,32.0,3.5333,11.0465,7.605,7.6467,23.3236,27.5,1,0,0,0,0,0,1,0,0,0,0,0,31.287622887286176
43,33.0,3.5117,10.4933,8.0118,7.8607,23.325,27.5,1,0,0,0,0,0,1,0,0,0,0,0,31.896414723507597
44,31.0,3.4692,10.7279,7.7756,7.5244,23.3355,27.5,1,0,0,0,0,0,1,0,0,0,0,0,31.183755502052314
45,32.0,3.375,10.0863,8.0545,7.7566,23.3406,27.5,1,0,0,0,0,0,1,0,0,0,0,0,31.201175228173916
46,32.0,3.4725,10.3347,8.3891,7.6574,23.3436,27.5,1,0,0,0,0,0,1,0,0,0,0,0,32.63507510946729
47,31.0,3.4983,9.9344,8.0217,7.7753,23.3475,27.5,1,0,0,0,0,0,1,0,0,0,0,0,31.54969366566332
48,30.0,3.47,9.9083,8.0315,7.2584,23.3509,27.5,1,0,0,0,0,0,1,0,0,0,0,0,31.373522406799964
49,32.0,3.3633,10.7682,8.4416,7.7877,23.3509,27.5,1,0,0,0,0,0,1,0,0,0,0,0,32.6361518588068
50,33.0,3.5233,10.9728,7.8871,7.8654,23.3509,27.5,1,0,0,0,0,0,1,0,0,0,0,0,31.910543474181665
51,29.0,3.3591,10.3588,7.6342,8.415,23.3548,27.5,1,0,0,0,0,0,1,0,0,0,0,0,30.817176311936123
52,29.0,3.3583,10.8824,7.7264,8.3843,23.3697,27.5,1,0,0,0,0,0,1,0,0,0,0,0,31.24788519658496
53,30.0,3.4367,10.3133,8.5039,7.4171,23.3731,27.5,1,0,0,0,0,0,1,0,0,0,0,0,32.806906982124445
54,31.0,3.59,10.6293,7.7264,7.8267,23.3731,27.5,1,0,0,0,0,0,1,0,0,0,0,0,31.621321129027393
55,30.0,3.5173,9.8377,7.6127,7.193,23.3758,27.5,1,0,0,0,0,0,1,0,0,0,0,0,30.61074545274019
56,29.0,3.3233,9.9945,8.1135,7.7083,23.3864,27.5,1,0,0,0,0,0,1,0,0,0,0,0,31.103070689385774
57,30.0,3.5092,10.7459,7.8773,7.7019,23.3867,27.5,1,0,0,0,0,0,1,0,0,0,0,0,31.65531937263993
58,31.0,3.3925,9.7214,8.1266,7.4145,23.3883,27.5,1,0,0,0,0,0,1,0,0,0,0,0,31.20047474038106
59,31.0,3.3592,10.7576,8.4121,8.1457,23.3883,27.5,1,0,0,0,0,0,1,0,0,0,0,0,32.75890541279614
60,34.0,3.4908,10.7877,7.7592,7.5385,23.3936,27.5,1,0,0,0,0,0,1,0,0,0,0,0,31.297344595485804
61,31.0,3.5275,10.4542,7.9593,7.8635,23.4021,27.5,1,0,0,0,0,0,1,0,0,0,0,0,31.838453965649023
62,31.0,3.4227,10.5258,7.9027,8.3559,23.4125,27.5,1,0,0,0,0,0,1,0,0,0,0,0,31.6916112343215
63,31.0,3.4583,10.5564,7.9462,8.0116,23.4431,27.5,1,0,0,0,0,0,1,0,0,0,0,0,31.677765385624404
64,32.0,3.5436,10.4063,7.7201,8.1095,23.4441,27.5,1,0,0,0,0,0,1,0,0,0,0,0,31.4725560505672
65,30.0,3.4542,10.3188,7.979,7.8051,23.4482,27.5,1,0,0,0,0,0,1,0,0,0,0,0,31.506674258456606
66,29.0,3.3475,10.9324,7.7625,7.996,23.4516,27.5,1,0,0,0,0,0,1,0,0,0,0,0,31.013843956668644
67,31.0,3.4717,10.9851,8.0577,8.4013,23.4572,27.5,1,0,0,0,0,0,1,0,0,0,0,0,32.5576327607709
68,31.0,3.4525,10.1442,8.5597,7.69,23.4584,27.5,1,0,0,0,0,0,1,0,0,0,0,0,33.038166973543724
69,30.0,3.445,10.0585,7.5919,8.0678,23.4687,27.5,1,0,0,0,0,0,1,0,0,0,0,0,30.622875260334006
70,32.0,3.54,10.6182,7.5984,7.6908,23.4738,27.5,1,0,0,0,0,0,1,0,0,0,0,0,31.124465167759887
71,32.0,3.3325,10.4304,8.3957,8.0745,23.4738,27.5,1,0,0,0,0,0,1,0,0,0,0,0,32.416823796850366
72,32.0,3.37,10.6055,8.1332,7.7469,23.4755,27.5,1,0,0,0,0,0,1,0,0,0,0,0,31.709246719212544
73,30.0,3.6833,11.2787,7.6181,7.83,23.4806,27.5,1,0,0,0,0,0,1,0,0,0,0,0,32.20598710569764
74,32.0,3.4358,10.6555,8.0249,7.5383,23.4891,27.5,1,0,0,0,0,0,1,0,0,0,0,0,31.664076841621664
75,31.0,3.5064,10.1132,7.7309,7.8643,23.4907,27.5,1,0,0,0,0,0,1,0,0,0,0,0,31.07145043491726
76,32.0,3.3825,10.6627,8.3924,7.6849,23.4908,27.5,1,0,0,0,0,0,1,0,0,0,0,0,32.51845083919878
77,30.0,3.4658,10.8027,8.0282,7.9779,23.4963,27.5,1,0,0,0,0,0,1,0,0,0,0,0,32.04620004546743
78,31.0,3.325,10.2519,7.9101,7.7988,23.5028,27.5,1,0,0,0,0,0,1,0,0,0,0,0,30.810365970729322
79,30.0,3.4542,9.748,7.7362,8.0869,23.5096,27.5,1,0,0,0,0,0,1,0,0,0,0,0,30.848734018000727
80,31.0,3.535,10.8723,7.8412,8.086,23.5147,27.5,1,0,0,0,0,0,1,0,0,0,0,0,31.97203297626978
81,31.0,3.3308,10.1015,7.9134,7.88,23.5149,27.5,1,0,0,0,0,0,1,0,0,0,0,0,30.817142897905242
82,30.0,3.5208,10.6106,7.7526,7.8678,23.5182,27.5,1,0,0,0,0,0,1,0,0,0,0,0,31.44930366944267
83,29.0,3.6125,10.9568,7.956,8.1097,23.5267,27.5,1,0,0,0,0,0,1,0,0,0,0,0,32.633190544822284
84,33.0,3.5208,10.3945,8.0053,7.0553,23.5298,27.5,1,0,0,0,0,0,1,0,0,0,0,0,31.948528983841946
85,32.0,3.4258,10.096,7.9134,7.6678,23.5335,27.5,1,0,0,0,0,0,1,0,0,0,0,0,31.091018048869778
86,31.0,3.5242,10.3954,7.6575,7.1584,23.5417,27.5,1,0,0,0,0,0,1,0,0,0,0,0,31.11077096278938
87,32.0,3.3492,10.5391,8.1135,8.0314,23.542,27.5,1,0,0,0,0,0,1,0,0,0,0,0,31.731750904013396
88,29.0,3.4408,10.9538,7.7592,8.1305,23.5455,27.5,1,0,0,0,0,0,1,0,0,0,0,0,31.500921997857183
89,30.0,3.3817,10.0215,8.189,8.3568,23.5472,27.5,1,0,0,0,0,0,1,0,0,0,0,0,32.082166481410624
90,31.0,3.4267,10.6489,7.7865,8.2099,23.5517,27.5,1,0,0,0,0,0,1,0,0,0,0,0,31.413231297946318
91,30.0,3.4858,10.2059,7.9134,7.8245,23.5642,27.5,1,0,0,0,0,0,1,0,0,0,0,0,31.466995329759264
92,31.0,3.4683,10.0894,7.7559,8.0316,23.5728,27.5,1,0,0,0,0,0,1,0,0,0,0,0,31.09191973171535
93,31.0,3.465,10.1349,7.7395,7.8609,23.5762,27.5,1,0,0,0,0,0,1,0,0,0,0,0,30.96372549004056
94,31.0,3.39,10.8808,8.0413,7.5314,23.5796,27.5,1,0,0,0,0,0,1,0,0,0,0,0,31.67697252351978
95,37.0,3.4742,11.6687,7.8248,8.6725,23.5881,27.5,1,0,0,0,0,0,1,0,0,0,0,0,32.69374903044012
96,33.0,3.535,10.9968,7.7428,7.8149,23.6001,27.5,1,0,0,0,0,0,1,0,0,0,0,0,31.710597337330803
97,31.0,3.4808,11.1175,7.874,7.8263,23.6005,27.5,1,0,0,0,0,0,1,0,0,0,0,0,31.86443274609504
98,31.0,3.52,10.5483,7.7094,8.0619,23.6061,27.5,1,0,0,0,0,0,1,0,0,0,0,0,31.456217577867406
99,31.0,3.5942,11.3722,7.4541,8.3427,23.6069,27.5,1,0,0,0,0,0,1,0,0,0,0,0,31.866298997121298
100,31.0,3.4858,10.4728,8.1299,7.4673,23.608,27.5,1,0,0,0,0,0,1,0,0,0,0,0,32.09649801535714
101,31.0,3.5525,10.3137,7.7658,7.6698,23.6154,27.5,1,0,0,0,0,0,1,0,0,0,0,0,31.423336516773716
102,31.0,3.415,10.0867,8.0676,7.8345,23.6206,27.5,1,0,0,0,0,0,1,0,0,0,0,0,31.53775139535194
103,31.0,3.42,10.7651,8.1201,7.5951,23.6308,27.5,1,0,0,0,0,0,1,0,0,0,0,0,31.977422993797553
104,33.0,3.3767,10.9463,7.9462,7.9432,23.6378,27.5,1,0,0,0,0,0,1,0,0,0,0,0,31.602303721331317
105,31.0,3.3792,10.4697,8.143,7.7461,23.6694,27.5,1,0,0,0,0,0,1,0,0,0,0,0,31.773144718854084
106,33.0,3.5025,10.9109,7.9692,7.3027,23.6735,27.5,1,0,0,0,0,0,1,0,0,0,0,0,32.043590070089145
107,33.0,3.4508,10.4232,7.9232,7.8087,23.6735,27.5,1,0,0,0,0,0,1,0,0,0,0,0,31.49573956430423
108,31.0,3.5375,10.3498,7.7854,7.3481,23.675,27.5,1,0,0,0,0,0,1,0,0,0,0,0,31.42903602300987
109,29.0,3.54,11.4251,7.7165,8.091,23.6862,27.5,1,0,0,0,0,0,1,0,0,0,0,0,32.08646923464409
110,30.0,3.5008,11.049,7.874,8.0843,23.7127,27.5,1,0,0,0,0,0,1,0,0,0,0,0,32.08536911402821
111,30.0,3.4227,10.6406,8.0351,8.2503,23.7178,27.5,1,0,0,0,0,0,1,0,0,0,0,0,32.0947489238214
112,32.0,3.4108,11.0332,8.0742,7.9609,23.7216,27.5,1,0,0,0,0,0,1,0,0,0,0,0,32.154087092583914
113,35.0,3.4775,10.9345,7.7887,8.1915,23.7247,27.5,1,0,0,0,0,0,1,0,0,0,0,0,31.811114491206283
114,31.0,3.3317,10.1983,7.7658,8.4449,23.7322,27.5,1,0,0,0,0,0,1,0,0,0,0,0,31.100772968054265
115,30.0,3.3917,10.1385,8.0906,6.3154,23.7424,27.5,1,0,0,0,0,0,1,0,0,0,0,0,32.18685101862323
116,31.0,3.3283,10.32,8.0413,7.8906,23.7452,27.5,1,0,0,0,0,0,1,0,0,0,0,0,31.331530180232427
117,31.0,3.3767,10.4648,7.9889,8.1264,23.7571,27.5,1,0,0,0,0,0,1,0,0,0,0,0,31.626198961688708
118,30.0,3.3433,10.4559,8.1759,8.4769,23.7827,27.5,1,0,0,0,0,0,1,0,0,0,0,0,32.33326844964911
119,32.0,3.5433,11.5245,7.7428,8.263,23.7964,27.5,1,0,0,0,0,0,1,0,0,0,0,0,32.37524417382279
120,33.0,3.4792,11.1393,8.0446,7.7047,23.8032,27.5,1,0,0,0,0,0,1,0,0,0,0,0,32.337679585025754
121,33.0,3.455,10.4415,8.2349,7.788,23.8032,27.5,1,0,0,0,0,0,1,0,0,0,0,0,32.390321233242
122,36.0,3.4642,10.6964,8.0217,6.8029,23.8035,27.5,1,0,0,0,0,0,1,0,0,0,0,0,32.17840893419446
123,30.0,3.3042,10.2203,8.3957,7.78,23.8442,27.5,1,0,0,0,0,0,1,0,0,0,0,0,32.16090549173039
124,32.0,3.2842,9.9981,8.1234,7.8345,23.8646,27.5,1,0,0,0,0,0,1,0,0,0,0,0,31.232012488211133
125,30.0,3.5475,11.4035,8.1496,7.7974,23.8705,27.5,1,0,0,0,0,0,1,0,0,0,0,0,33.12553901894134
126,31.0,3.4175,10.7884,8.1824,8.0461,23.9227,27.5,1,0,0,0,0,0,1,0,0,0,0,0,32.46787803736823
127,34.0,3.5167,10.8816,8.1726,7.673,23.9687,27.5,1,0,0,0,0,0,1,0,0,0,0,0,32.7519944998086
128,32.0,3.355,10.8203,8.1168,7.628,24.0319,27.5,1,0,0,0,0,0,1,0,0,0,0,0,31.899847394414763
129,30.0,3.2833,10.717,9.4291,6.5785,24.0894,27.5,1,0,0,0,0,0,1,0,0,0,0,0,36.54229864052872
130,31.0,3.4527,10.3236,8.2427,7.5746,24.0977,27.5,1,0,0,0,0,0,1,0,0,0,0,0,32.39551407279928
131,31.0,3.4092,10.9034,8.9042,8.1911,24.1702,27.5,1,0,0,0,0,0,1,0,0,0,0,0,34.97270662422659
132,36.0,3.55,11.0375,8.0413,7.9174,24.2858,27.5,1,0,0,0,0,0,1,0,0,0,0,0,32.83548933997192
133,32.0,3.635,11.025,8.1398,6.7938,24.3211,27.5,1,0,0,0,0,0,1,0,0,0,0,0,33.81310644080389
134,35.0,3.5133,11.0209,8.0151,8.0143,24.3306,27.5,1,0,0,0,0,0,1,0,0,0,0,0,32.67173141346118
135,29.0,3.4192,10.759,8.3694,7.3891,24.6743,27.5,1,0,0,0,0,0,1,0,0,0,0,0,33.1115384001739
136,33.0,3.5325,10.2452,8.1496,6.0518,24.7624,27.5,1,0,0,0,0,0,1,0,0,0,0,0,34.061988341823806
137,29.0,3.4858,10.5847,7.8707,7.8205,24.7997,27.5,1,0,0,0,0,0,1,0,0,0,0,0,32.04944187493861
138,30.0,3.4825,9.2825,7.6903,5.7405,25.6943,27.5,1,0,0,0,0,0,1,0,0,0,0,0,33.08517288167065
139,29.0,3.5025,10.281,7.9889,5.543,26.1449,27.5,1,0,0,0,0,0,1,0,0,0,0,0,35.280970135986884
140,71.0,4.725,21.0555,9.5112,9.0371,26.2904,69.5,0,0,0,0,1,0,0,0,0,0,1,0,63.6861818910252
141,30.0,3.555,13.0318,8.061,8.2154,26.9867,27.5,1,0,0,0,0,0,1,0,0,0,0,0,35.5727783364034
142,31.0,3.4642,10.2409,7.6312,6.5169,26.9875,27.5,1,0,0,0,0,0,1,0,0,0,0,0,32.719549481092415
143,72.0,4.6975,19.5116,9.4685,8.3173,27.507,69.5,0,0,0,0,1,0,0,0,0,0,1,0,64.28355409813388
144,72.0,4.7858,23.6198,9.4554,8.5394,27.7835,69.5,0,0,0,0,1,0,0,0,0,0,1,0,67.94508788017583
145,70.0,4.2842,19.672,9.4357,8.2433,28.4959,69.5,0,0,0,0,1,0,0,0,0,0,1,0,62.482318046323726
146,28.0,3.2633,14.1303,8.9009,8.3913,29.1711,27.5,1,0,0,0,0,0,1,0,0,0,0,0,39.09130479790514
147,34.0,3.445,8.76,8.0348,4.7968,29.8988,27.5,1,0,0,0,0,0,1,0,0,0,0,0,38.32565622041423
148,73.0,4.6367,20.1726,9.708,7.5756,29.9443,69.5,0,0,0,0,1,0,0,0,0,0,1,0,69.12071363886682
149,32.0,3.5392,8.4899,8.0774,3.6646,30.5075,27.5,1,0,0,0,0,0,1,0,0,0,0,0,42.813792217276465
150,63.0,4.5842,16.7806,8.0709,6.3624,31.1664,59.5,0,0,0,1,0,0,0,0,0,1,0,0,59.416041608514675
151,64.0,4.5658,16.6499,8.2972,6.7833,31.2637,59.5,0,0,0,1,0,0,0,0,0,1,0,0,59.26087716846293
152,71.0,4.275,18.5941,9.8786,6.9135,31.588,69.5,0,0,0,0,1,0,0,0,0,0,1,0,68.66070660781665
153,65.0,4.6683,16.402,8.3202,6.1782,31.6272,59.5,0,0,0,1,0,0,0,0,0,1,0,0,61.50505497415381
154,61.0,4.4975,14.5004,8.586,6.3869,31.6955,59.5,0,0,0,1,0,0,0,0,0,1,0,0,59.00391168991622
155,62.0,4.3533,16.1581,8.2743,6.0973,31.6972,59.5,0,0,0,1,0,0,0,0,0,1,0,0,59.00225202171279
156,61.0,4.7717,16.423,8.586,6.1953,31.7262,59.5,0,0,0,1,0,0,0,0,0,1,0,0,63.528600856740205
157,61.0,4.5533,17.5687,8.3202,6.4104,31.7467,59.5,0,0,0,1,0,0,0,0,0,1,0,0,61.466956029603516
158,71.0,5.0158,18.2777,8.3957,5.6824,31.7638,59.5,0,0,0,1,0,0,0,0,0,1,0,0,67.27453758154324
159,64.0,4.5433,16.7701,8.3038,6.497,31.7774,59.5,0,0,0,1,0,0,0,0,0,1,0,0,60.28923076696811
160,63.0,4.4917,16.4985,8.2841,6.2727,31.8371,59.5,0,0,0,1,0,0,0,0,0,1,0,0,60.10458120924329
161,62.0,4.5825,15.9558,8.4318,6.1151,31.8474,59.5,0,0,0,1,0,0,0,0,0,1,0,0,61.23865801134921
162,59.0,4.6217,16.539,8.9764,6.3352,31.8918,59.5,0,0,0,1,0,0,0,0,0,1,0,0,64.22445805155228
163,61.0,4.6908,14.6021,8.399,6.484,31.9174,59.5,0,0,0,1,0,0,0,0,0,1,0,0,59.64666859907501
164,62.0,4.6633,17.0785,8.6089,6.4075,31.9327,59.5,0,0,0,1,0,0,0,0,0,1,0,0,63.228195409460625
165,63.0,4.6508,16.6157,8.9469,6.2946,31.9549,59.5,0,0,0,1,0,0,0,0,0,1,0,0,64.52223389968692
167,61.0,4.4092,15.8119,8.4908,6.7063,31.9908,59.5,0,0,0,1,0,0,0,0,0,1,0,0,58.79787476957366
168,64.0,4.675,17.3707,8.5532,6.7481,31.9925,59.5,0,0,0,1,0,0,0,0,0,1,0,0,62.63283756449348
169,64.0,4.6017,14.0655,8.9173,5.8994,31.9959,59.5,0,0,0,1,0,0,0,0,0,1,0,0,62.205717144038026
170,65.0,4.525,14.75,8.6909,6.3975,32.0095,59.5,0,0,0,1,0,0,0,0,0,1,0,0,60.16821059745562
171,64.0,4.6075,14.7157,9.0584,5.9612,32.0215,59.5,0,0,0,1,0,0,0,0,0,1,0,0,63.47998915875813
172,61.0,4.545,16.1132,8.5236,6.5488,32.0454,59.5,0,0,0,1,0,0,0,0,0,1,0,0,60.685808627271854
173,65.0,4.6858,18.0388,8.4547,6.3969,32.0614,59.5,0,0,0,1,0,0,0,0,0,1,0,0,63.81212083673509
174,32.0,3.4375,11.1818,7.897,5.1507,32.0642,27.5,1,0,0,0,0,0,1,0,0,0,0,0,40.122996820830004
175,71.0,4.46,17.7365,9.2585,7.2046,32.077,69.5,0,0,0,0,1,0,0,0,0,0,1,0,65.99840504487581
176,65.0,4.5367,15.4683,8.8058,6.1949,32.093,59.5,0,0,0,1,0,0,0,0,0,1,0,0,62.1145409378736
177,62.0,4.815,16.1224,8.7369,6.1114,32.1017,59.5,0,0,0,1,0,0,0,0,0,1,0,0,64.7029441377336
178,64.0,4.865,16.8894,8.5499,6.3345,32.1171,59.5,0,0,0,1,0,0,0,0,0,1,0,0,64.49965204978312
179,65.0,4.7467,17.0625,8.5335,6.1101,32.1239,59.5,0,0,0,1,0,0,0,0,0,1,0,0,64.27687376819473
180,62.0,4.6133,15.5021,8.481,6.5457,32.1427,59.5,0,0,0,1,0,0,0,0,0,1,0,0,60.423971734092675
181,62.0,4.615,15.8318,8.878,6.2291,32.158,59.5,0,0,0,1,0,0,0,0,0,1,0,0,63.39491552969772
182,61.0,4.4083,16.1706,8.7402,6.4991,32.1582,59.5,0,0,0,1,0,0,0,0,0,1,0,0,60.94259729811905
183,67.0,4.7842,18.6427,8.5335,6.2675,32.16,59.5,0,0,0,1,0,0,0,0,0,1,0,0,65.8598739040676
184,64.0,4.4475,15.9109,8.6024,6.0518,32.1717,59.5,0,0,0,1,0,0,0,0,0,1,0,0,61.392678842468335
185,64.0,4.6336,15.0272,8.6936,6.3054,32.1805,59.5,0,0,0,1,0,0,0,0,0,1,0,0,61.63206034360078
186,64.0,4.5158,16.334,8.6647,6.3805,32.1973,59.5,0,0,0,1,0,0,0,0,0,1,0,0,61.879381747474525
187,65.0,4.7308,17.0712,9.0354,6.2964,32.2024,59.5,0,0,0,1,0,0,0,0,0,1,0,0,66.19915595615595
188,63.0,4.4325,15.9206,8.7828,6.5505,32.2092,59.5,0,0,0,1,0,0,0,0,0,1,0,0,60.96805685409604
189,64.0,4.7358,17.1878,9.17,5.4528,32.2195,59.5,0,0,0,1,0,0,0,0,0,1,0,0,68.64585067773554
190,62.0,4.7075,15.1129,8.4514,6.2906,32.2263,59.5,0,0,0,1,0,0,0,0,0,1,0,0,61.21967937607493
191,64.0,4.7167,14.9266,8.7631,6.361,32.2382,59.5,0,0,0,1,0,0,0,0,0,1,0,0,62.37050613142884
192,62.0,4.66,16.6536,9.0945,6.3225,32.2502,59.5,0,0,0,1,0,0,0,0,0,1,0,0,65.5027606413432
193,63.0,4.7175,17.8577,8.9665,6.5478,32.2741,59.5,0,0,0,1,0,0,0,0,0,1,0,0,66.10249300440582
194,68.0,4.6367,16.0984,8.6713,6.1608,32.286,59.5,0,0,0,1,0,0,0,0,0,1,0,0,63.12501812532837
195,67.0,4.5975,17.1577,8.5499,6.1997,32.3031,59.5,0,0,0,1,0,0,0,0,0,1,0,0,63.33023468721702
196,61.0,4.4229,16.5304,8.6778,6.3688,32.306,59.5,0,0,0,1,0,0,0,0,0,1,0,0,61.57997413678633
197,62.0,4.4525,16.757,8.4941,6.5765,32.3338,59.5,0,0,0,1,0,0,0,0,0,1,0,0,60.72057741061266
198,62.0,4.5075,16.0202,8.5302,6.4268,32.3407,59.5,0,0,0,1,0,0,0,0,0,1,0,0,60.854335729609545
199,61.0,4.6158,16.6141,9.1339,6.283,32.3492,59.5,0,0,0,1,0,0,0,0,0,1,0,0,65.49518495785937
200,63.0,4.6308,17.5913,8.5564,6.352,32.3526,59.5,0,0,0,1,0,0,0,0,0,1,0,0,63.75185245865686
201,65.0,4.5308,17.0354,9.1207,6.2724,32.3697,59.5,0,0,0,1,0,0,0,0,0,1,0,0,65.31212408313985
202,62.0,4.5925,14.6138,8.5236,6.3724,32.3731,59.5,0,0,0,1,0,0,0,0,0,1,0,0,60.09702480612646
203,60.0,4.49,14.0732,8.7959,5.7315,32.3742,59.5,0,0,0,1,0,0,0,0,0,1,0,0,61.54035502569825
204,62.0,4.4883,15.4426,8.586,6.6141,32.3765,59.5,0,0,0,1,0,0,0,0,0,1,0,0,59.93463598589762
205,64.0,4.6033,17.1827,8.727,6.531,32.397,59.5,0,0,0,1,0,0,0,0,0,1,0,0,63.54263908881057
206,62.0,4.4425,14.4874,8.8156,6.357,32.4089,59.5,0,0,0,1,0,0,0,0,0,1,0,0,60.252451705335716
207,67.0,4.695,17.0978,9.1175,6.189,32.4158,59.5,0,0,0,1,0,0,0,0,0,1,0,0,66.76833747411355
208,62.0,4.515,16.6427,8.8287,6.6914,32.4294,59.5,0,0,0,1,0,0,0,0,0,1,0,0,62.43436907386304
209,62.0,4.5825,16.9028,9.0748,6.3996,32.4618,59.5,0,0,0,1,0,0,0,0,0,1,0,0,65.10707107771351
210,64.0,4.51,17.2602,8.5236,6.597,32.4635,59.5,0,0,0,1,0,0,0,0,0,1,0,0,61.88210420890652
211,61.0,4.5125,14.704,8.5335,7.2,32.4772,59.5,0,0,0,1,0,0,0,0,0,1,0,0,57.92389765622343
212,63.0,4.5958,15.2978,8.9665,6.4536,32.496,59.5,0,0,0,1,0,0,0,0,0,1,0,0,62.82348486014668
213,61.0,4.5342,14.9561,8.4974,6.7738,32.5175,59.5,0,0,0,1,0,0,0,0,0,1,0,0,59.10421049261882
214,68.0,4.7392,16.1171,8.9731,6.248,32.5335,59.5,0,0,0,1,0,0,0,0,0,1,0,0,65.30375393966999
215,63.0,4.35,16.4332,8.7664,7.3091,32.5335,59.5,0,0,0,1,0,0,0,0,0,1,0,0,59.37079324052564
216,63.0,4.5092,16.5127,8.6155,6.2349,32.5369,59.5,0,0,0,1,0,0,0,0,0,1,0,0,62.405174876289976
217,63.0,4.4275,16.4577,8.6877,6.7906,32.5386,59.5,0,0,0,1,0,0,0,0,0,1,0,0,60.76795889554441
218,61.0,4.4825,16.0712,8.5138,6.816,32.5608,59.5,0,0,0,1,0,0,0,0,0,1,0,0,59.92086053105904
219,65.0,4.5192,16.3417,8.6877,6.6951,32.5796,59.5,0,0,0,1,0,0,0,0,0,1,0,0,61.58127503402826
220,61.0,4.5958,15.5643,8.6483,6.6761,32.6035,59.5,0,0,0,1,0,0,0,0,0,1,0,0,61.18652101989342
221,61.0,4.7083,17.0144,8.6188,6.5587,32.6274,59.5,0,0,0,1,0,0,0,0,0,1,0,0,63.72889500273554
222,61.0,4.4417,16.1364,8.586,6.8954,32.6325,59.5,0,0,0,1,0,0,0,0,0,1,0,0,59.89260879641297
224,63.0,4.5208,17.0621,8.6024,6.5933,32.6547,59.5,0,0,0,1,0,0,0,0,0,1,0,0,62.27409447482153
225,63.0,4.5317,17.4616,8.586,6.6524,32.6572,59.5,0,0,0,1,0,0,0,0,0,1,0,0,62.575879261100134
226,62.0,4.4683,14.9812,9.147,6.4985,32.6581,59.5,0,0,0,1,0,0,0,0,0,1,0,0,62.393166119922846
227,60.0,4.33,16.37,8.6614,6.8446,32.6615,59.5,0,0,0,1,0,0,0,0,0,1,0,0,59.78924651808856
228,67.0,4.5942,17.2199,8.7172,6.111,32.7114,59.5,0,0,0,1,0,0,0,0,0,1,0,0,64.68538906840328
229,64.0,4.6383,16.4498,9.1601,6.3281,32.7196,59.5,0,0,0,1,0,0,0,0,0,1,0,0,65.79289356500787
230,65.0,4.6183,17.0858,9.2585,6.3901,32.7315,59.5,0,0,0,1,0,0,0,0,0,1,0,0,66.67724588968818
231,65.0,4.35,18.2616,8.727,6.5629,32.7639,59.5,0,0,0,1,0,0,0,0,0,1,0,0,63.06518220220626
232,62.0,4.7075,17.2908,9.2159,6.1935,32.7708,59.5,0,0,0,1,0,0,0,0,0,1,0,0,67.79521804815772
233,64.0,4.3433,17.7032,8.6811,6.3959,32.7998,59.5,0,0,0,1,0,0,0,0,0,1,0,0,62.61195312088439
234,67.0,4.5275,16.7345,8.6581,6.0754,32.8043,69.5,0,0,0,0,1,0,0,0,0,0,1,0,65.76462249112829
235,72.0,4.4825,19.5516,9.7343,7.8987,32.8322,69.5,0,0,0,0,1,0,0,0,0,0,1,0,68.97389830742661
237,69.0,4.3783,17.9258,10.4364,7.2999,33.1097,65.5,0,1,0,0,0,0,0,1,0,0,0,0,67.52217625295958
238,64.0,4.6436,15.9038,8.9621,6.5788,33.1543,59.5,0,0,0,1,0,0,0,0,0,1,0,0,64.04403768141869
239,74.0,4.6408,18.1193,9.498,8.1128,33.1804,69.5,0,0,0,0,1,0,0,0,0,0,1,0,67.47332667892917
240,68.0,4.4458,17.1782,10.5873,7.2218,33.2419,65.5,0,1,0,0,0,0,0,1,0,0,0,0,68.11167579540586
241,65.0,4.5408,16.6257,9.0584,6.3504,33.2487,59.5,0,0,0,1,0,0,0,0,0,1,0,0,65.1582155534994
242,67.0,4.5208,17.8122,8.8976,6.5001,33.2589,59.5,0,0,0,1,0,0,0,0,0,1,0,0,65.19426698645226
243,64.0,4.4883,16.9071,8.9436,6.8228,33.2709,59.5,0,0,0,1,0,0,0,0,0,1,0,0,63.42496578999352
244,65.0,4.4958,15.1047,9.2126,6.5627,33.2903,59.5,0,0,0,1,0,0,0,0,0,1,0,0,63.38682244598376
245,66.0,4.875,17.3883,9.2389,6.1865,33.3426,65.5,0,1,0,0,0,0,0,1,0,0,0,0,68.24326978112583
246,64.0,4.14,16.2295,8.7795,6.5742,33.3562,59.5,0,0,0,1,0,0,0,0,0,1,0,0,59.93490690387653
247,68.0,4.5492,18.3441,8.878,6.2835,33.3852,59.5,0,0,0,1,0,0,0,0,0,1,0,0,66.47331084024002
248,67.0,4.2133,16.0808,10.6627,7.2853,33.3989,65.5,0,1,0,0,0,0,0,1,0,0,0,0,65.49074025300838
249,73.0,4.8,15.8043,9.3593,6.1169,33.4262,69.5,0,0,0,0,1,0,0,0,0,0,1,0,70.42922248465803
251,66.0,4.2433,16.9137,9.0354,6.9466,33.4433,59.5,0,0,0,1,0,0,0,0,0,1,0,0,61.848506728897256
252,66.0,4.6458,14.4497,9.4029,6.1203,33.5081,59.5,0,0,0,1,0,0,0,0,0,1,0,0,65.82229121039813
253,71.0,4.4782,16.2647,9.5204,6.1533,33.5081,69.5,0,0,0,0,1,0,0,0,0,0,1,0,69.38622752796057
254,62.0,3.7375,15.1355,9.685,7.4248,33.5115,65.5,0,1,0,0,0,0,0,1,0,0,0,0,56.706567587543276
255,71.0,4.6408,16.8437,9.4751,6.0846,33.5218,69.5,0,0,0,0,1,0,0,0,0,0,1,0,71.13933371580752
256,77.0,4.7108,17.385,9.4226,6.4904,33.5435,69.5,0,0,0,0,1,0,0,0,0,0,1,0,71.13884092475213
257,69.0,4.1767,17.416,10.853,7.215,33.5508,65.5,0,1,0,0,0,0,0,1,0,0,0,0,67.63725178234208
258,74.0,4.5408,17.3037,9.4488,5.9308,33.5714,69.5,0,0,0,0,1,0,0,0,0,0,1,0,71.12478321100619
259,70.0,4.0808,17.4946,10.6529,7.6086,33.5798,65.5,0,1,0,0,0,0,0,1,0,0,0,0,65.2863624676492
260,76.0,4.9317,16.8606,9.3963,5.7989,33.6422,69.5,0,0,0,0,1,0,0,0,0,0,1,0,73.35088056213912
261,68.0,4.6358,15.6413,9.4226,6.1595,33.66,59.5,0,0,0,1,0,0,0,0,0,1,0,0,67.214889375652
262,69.0,4.37,17.5881,11.1581,7.0152,33.701,65.5,0,1,0,0,0,0,0,1,0,0,0,0,70.83149658701808
263,70.0,4.715,16.9234,9.3438,6.2843,33.7027,69.5,0,0,0,0,1,0,0,0,0,0,1,0,70.8727193129667
264,75.0,4.95,17.2407,9.3832,6.195,33.7078,69.5,0,0,0,0,1,0,0,0,0,0,1,0,73.17812279775443
266,71.0,4.3508,16.6815,9.5669,5.9057,33.7641,69.5,0,0,0,0,1,0,0,0,0,0,1,0,69.80857625237014
267,74.0,4.6733,18.4508,9.5046,6.337,33.7949,69.5,0,0,0,0,1,0,0,0,0,0,1,0,72.86500888650087
268,72.0,4.8825,17.8221,9.3963,5.5933,33.8051,69.5,0,0,0,0,1,0,0,0,0,0,1,0,74.39810174518288
269,32.0,3.3483,7.7741,8.773,3.5933,33.8153,27.5,1,0,0,0,0,0,1,0,0,0,0,0,45.858899665251684
270,71.0,4.7042,15.0856,9.4587,5.8852,33.8209,69.5,0,0,0,0,1,0,0,0,0,0,1,0,70.1515613273042
271,75.0,4.81,18.1491,9.3865,5.894,33.8215,69.5,0,0,0,0,1,0,0,0,0,0,1,0,73.79115720388138
272,72.0,4.49,15.1465,9.649,5.8188,33.8307,69.5,0,0,0,0,1,0,0,0,0,0,1,0,69.71020842113148
273,73.0,4.7964,18.4972,9.4703,6.0551,33.8526,69.5,0,0,0,0,1,0,0,0,0,0,1,0,74.165552401415
274,68.0,4.3292,16.2736,9.2421,6.3456,33.8921,59.5,0,0,0,1,0,0,0,0,0,1,0,0,64.59706009221536
275,72.0,4.3783,15.2853,9.6194,5.9844,33.8973,69.5,0,0,0,0,1,0,0,0,0,0,1,0,68.65214514824467
276,73.0,4.61,14.7962,9.4915,5.9382,33.9047,69.5,0,0,0,0,1,0,0,0,0,0,1,0,69.2688947710263
277,67.0,4.5933,16.461,9.3766,5.9022,33.9177,69.5,0,0,0,0,1,0,0,0,0,0,1,0,70.58918444143943
278,73.0,4.7683,18.2293,9.3045,6.2372,33.9519,69.5,0,0,0,0,1,0,0,0,0,0,1,0,72.70561767284651
279,68.0,4.0392,17.2791,10.9285,7.8035,33.9717,65.5,0,1,0,0,0,0,0,1,0,0,0,0,65.59577499894799
280,77.0,4.8675,19.1454,9.0584,6.1612,33.9758,69.5,0,0,0,0,1,0,0,0,0,0,1,0,73.2583657398924
281,70.0,4.685,18.2212,9.5013,6.2574,34.0065,69.5,0,0,0,0,1,0,0,0,0,0,1,0,73.028652055983
282,72.0,4.5142,16.9683,9.1109,5.9806,34.0082,69.5,0,0,0,0,1,0,0,0,0,0,1,0,69.24195404697983
283,74.0,4.8683,17.5579,9.4882,5.5253,34.0133,69.5,0,0,0,0,1,0,0,0,0,0,1,0,74.68274823044264
284,73.0,4.8209,17.8975,9.3951,6.0529,34.0257,69.5,0,0,0,0,1,0,0,0,0,0,1,0,73.54471975932722
285,66.0,4.3833,17.7608,9.4751,6.4453,34.027,69.5,0,0,0,0,1,0,0,0,0,0,1,0,69.8450362540157
286,71.0,4.6075,17.7681,9.5407,6.0515,34.0321,69.5,0,0,0,0,1,0,0,0,0,0,1,0,72.62163650485434
287,75.0,4.7292,18.0764,9.4554,5.8962,34.0388,69.5,0,0,0,0,1,0,0,0,0,0,1,0,73.65350505714592
288,73.0,4.74,17.3115,9.2487,6.0673,34.0406,69.5,0,0,0,0,1,0,0,0,0,0,1,0,71.70967330996262
289,73.0,4.6,18.1475,9.5965,6.0154,34.0462,69.5,0,0,0,0,1,0,0,0,0,0,1,0,73.2671226532293
290,72.0,4.5883,16.7523,9.4882,6.0693,34.0492,69.5,0,0,0,0,1,0,0,0,0,0,1,0,71.16497736596183
291,71.0,4.7558,16.5708,9.2815,6.1477,34.0492,69.5,0,0,0,0,1,0,0,0,0,0,1,0,71.02614542877801
292,71.0,4.5025,16.8166,9.5768,6.2165,34.0509,69.5,0,0,0,0,1,0,0,0,0,0,1,0,70.7223763186699
293,72.0,4.5692,18.2161,9.0322,6.3392,34.0645,69.5,0,0,0,0,1,0,0,0,0,0,1,0,69.87117032620714
294,71.0,4.5182,18.6806,9.549,6.3372,34.076,69.5,0,0,0,0,1,0,0,0,0,0,1,0,72.39738153960924
295,69.0,4.4358,17.4521,9.6293,6.31,34.0816,69.5,0,0,0,0,1,0,0,0,0,0,1,0,70.9699654891384
296,72.0,4.4,16.4139,9.2684,6.3933,34.0833,69.5,0,0,0,0,1,0,0,0,0,0,1,0,67.68889661559652
297,70.0,4.6383,18.1703,9.147,6.6053,34.0833,69.5,0,0,0,0,1,0,0,0,0,0,1,0,70.29092334544595
298,73.0,4.7458,19.108,9.3012,6.1605,34.0867,69.5,0,0,0,0,1,0,0,0,0,0,1,0,73.63098501249532
299,72.0,4.7309,19.1452,9.1231,6.5499,34.0872,69.5,0,0,0,0,1,0,0,0,0,0,1,0,71.94273145648206
300,75.0,4.5883,22.1286,9.708,7.9781,34.0918,69.5,0,0,0,0,1,0,0,0,0,0,1,0,72.55922488412521
301,71.0,4.7683,15.5564,9.1765,6.4982,34.0939,69.5,0,0,0,0,1,0,0,0,0,0,1,0,68.73489937825192
302,75.0,4.6333,18.2627,9.0289,6.54,34.0965,69.5,0,0,0,0,1,0,0,0,0,0,1,0,69.94184240921841
303,73.0,4.67,16.2598,9.6206,5.7395,34.1021,69.5,0,0,0,0,1,0,0,0,0,0,1,0,72.41539567124536
304,73.0,4.6675,17.0762,9.2979,5.9247,34.1055,69.5,0,0,0,0,1,0,0,0,0,0,1,0,71.50635195763802
305,74.0,4.7264,17.9857,9.4596,6.2066,34.1058,69.5,0,0,0,0,1,0,0,0,0,0,1,0,73.06648900029276
306,72.0,4.7467,17.233,9.5341,5.3487,34.1123,69.5,0,0,0,0,1,0,0,0,0,0,1,0,74.06457932147583
307,71.0,4.4645,16.9772,9.6779,6.0599,34.1144,69.5,0,0,0,0,1,0,0,0,0,0,1,0,71.4352291003797
308,73.0,4.7058,19.3783,9.2913,6.2192,34.1157,69.5,0,0,0,0,1,0,0,0,0,0,1,0,73.47798642071638
309,75.0,4.7167,18.1948,9.5013,5.9369,34.1243,69.5,0,0,0,0,1,0,0,0,0,0,1,0,73.88548753360406
310,70.0,3.8667,16.5769,10.8891,8.2647,34.126,65.5,0,1,0,0,0,0,0,1,0,0,0,0,62.56036738962592
311,70.0,4.4692,17.2067,9.5472,6.2351,34.1277,69.5,0,0,0,0,1,0,0,0,0,0,1,0,70.78099391943668
312,71.0,4.8592,18.6936,9.0617,6.0275,34.1311,69.5,0,0,0,0,1,0,0,0,0,0,1,0,73.15345237266422
313,73.0,4.6083,20.115,9.019,6.9315,34.1379,69.5,0,0,0,0,1,0,0,0,0,0,1,0,70.6671566189778
314,70.0,4.5267,18.1181,9.1634,6.1679,34.1412,69.5,0,0,0,0,1,0,0,0,0,0,1,0,70.51435580319388
315,74.0,4.5392,18.0599,9.2782,6.0645,34.1448,69.5,0,0,0,0,1,0,0,0,0,0,1,0,71.29519529548625
316,74.0,4.45,17.1235,9.1404,5.8719,34.1482,69.5,0,0,0,0,1,0,0,0,0,0,1,0,69.40525042642811
317,72.0,4.5592,17.5108,9.4882,6.1205,34.1567,69.5,0,0,0,0,1,0,0,0,0,0,1,0,71.74314534955053
318,74.0,4.7382,18.6612,9.0694,6.1674,34.1579,69.5,0,0,0,0,1,0,0,0,0,0,1,0,72.1166873736843
319,72.0,4.6258,16.5157,9.3668,6.2696,34.1601,69.5,0,0,0,0,1,0,0,0,0,0,1,0,70.28154455218598
321,71.0,4.6058,16.0842,9.2979,5.8666,34.1721,69.5,0,0,0,0,1,0,0,0,0,0,1,0,70.15819446049183
322,70.0,4.9067,17.5568,11.1188,7.5231,34.1721,65.5,0,1,0,0,0,0,0,1,0,0,0,0,73.4866114161523
323,70.0,4.58,17.3108,9.3898,6.1677,34.1728,69.5,0,0,0,0,1,0,0,0,0,0,1,0,71.14767583913779
324,68.0,4.5608,16.233,9.6096,6.0259,34.1738,59.5,0,0,0,1,0,0,0,0,0,1,0,0,68.8579707797713
325,71.0,4.8225,18.113,9.4849,6.1609,34.1789,69.5,0,0,0,0,1,0,0,0,0,0,1,0,74.09600558989887
326,75.0,4.7308,18.6298,9.5571,6.1283,34.1857,69.5,0,0,0,0,1,0,0,0,0,0,1,0,74.36178471638347
327,72.0,4.5608,17.7474,9.2257,6.3043,34.1874,69.5,0,0,0,0,1,0,0,0,0,0,1,0,70.41988131908965
328,72.0,4.3392,16.7685,9.2717,6.2632,34.1943,69.5,0,0,0,0,1,0,0,0,0,0,1,0,68.02408186395787
329,74.0,4.4608,16.892,9.2815,6.4329,34.1943,69.5,0,0,0,0,1,0,0,0,0,0,1,0,68.73863250944011
330,71.0,4.945,19.4887,9.4948,6.0734,34.196,69.5,0,0,0,0,1,0,0,0,0,0,1,0,76.33425626365784
331,80.0,4.7442,16.3004,9.5702,5.3104,34.2062,69.5,0,0,0,0,1,0,0,0,0,0,1,0,73.37566258708112
332,28.0,3.5142,7.6736,8.645,3.0146,34.2079,27.5,1,0,0,0,0,0,1,0,0,0,0,0,48.22681233207545
333,75.0,4.5458,16.1253,9.2159,6.0016,34.2079,69.5,0,0,0,0,1,0,0,0,0,0,1,0,69.15284546249102
334,73.0,4.8067,18.2861,9.393,6.2442,34.2096,69.5,0,0,0,0,1,0,0,0,0,0,1,0,73.61232031883247
335,72.0,5.0075,17.0389,9.2684,5.9712,34.213,69.5,0,0,0,0,1,0,0,0,0,0,1,0,73.58243433368244
336,74.0,4.7167,18.832,9.2585,6.1968,34.213,69.5,0,0,0,0,1,0,0,0,0,0,1,0,73.0060191629368
337,71.0,4.4875,16.0781,9.4751,6.2196,34.213,69.5,0,0,0,0,1,0,0,0,0,0,1,0,69.44171660668539
338,72.0,4.8583,18.4904,9.498,6.0928,34.2181,69.5,0,0,0,0,1,0,0,0,0,0,1,0,74.89763145058916
339,72.0,4.5675,15.1108,8.9633,6.1427,34.2216,69.5,0,0,0,0,1,0,0,0,0,0,1,0,66.63328879173449
340,71.0,4.7392,17.1067,9.0781,5.9539,34.225,69.5,0,0,0,0,1,0,0,0,0,0,1,0,71.03582876973609
341,71.0,4.4725,14.3586,9.3143,6.2902,34.225,69.5,0,0,0,0,1,0,0,0,0,0,1,0,66.40651191855753
342,71.0,4.4933,17.9274,9.6654,6.3353,34.2284,69.5,0,0,0,0,1,0,0,0,0,0,1,0,72.1082384229842
343,74.0,4.5408,18.1933,9.0158,6.4158,34.2284,69.5,0,0,0,0,1,0,0,0,0,0,1,0,69.5167195077261
344,71.0,4.6933,15.5148,9.5866,5.8393,34.2318,69.5,0,0,0,0,1,0,0,0,0,0,1,0,71.53477101980957
345,70.0,4.5745,17.1572,9.5741,6.0643,34.2324,69.5,0,0,0,0,1,0,0,0,0,0,1,0,72.03771158070691
346,73.0,4.7075,19.6106,9.6588,6.3364,34.2335,69.5,0,0,0,0,1,0,0,0,0,0,1,0,75.18989785189892
347,71.0,4.5775,18.4369,9.4259,6.0693,34.2352,69.5,0,0,0,0,1,0,0,0,0,0,1,0,72.68012217077926
348,71.0,4.74,18.0628,9.3307,6.0641,34.2369,69.5,0,0,0,0,1,0,0,0,0,0,1,0,73.01286301792538
349,72.0,4.5658,18.5715,9.2192,6.3277,34.2399,69.5,0,0,0,0,1,0,0,0,0,0,1,0,71.26155453268701
350,72.0,4.7117,18.692,9.0158,6.3448,34.242,69.5,0,0,0,0,1,0,0,0,0,0,1,0,71.41404760252807
351,71.0,4.8745,18.6018,9.4166,5.939,34.2455,69.5,0,0,0,0,1,0,0,0,0,0,1,0,75.0120888809861
352,70.0,4.6967,17.7847,9.4948,6.3968,34.2472,69.5,0,0,0,0,1,0,0,0,0,0,1,0,72.54027485401814
353,71.0,4.64,17.2196,9.4882,6.4059,34.2492,69.5,0,0,0,0,1,0,0,0,0,0,1,0,71.4951747072975
354,72.0,4.7758,17.1803,10.9252,7.5491,34.2529,65.5,0,1,0,0,0,0,0,1,0,0,0,0,71.5718121626568
355,72.0,4.7242,17.541,9.3438,6.4139,34.2557,69.5,0,0,0,0,1,0,0,0,0,0,1,0,71.74819987361019
356,70.0,4.5867,17.4069,11.0532,7.4051,34.2566,65.5,0,1,0,0,0,0,0,1,0,0,0,0,71.27479711541467
357,74.0,4.9117,18.0939,9.6293,6.0191,34.2574,69.5,0,0,0,0,1,0,0,0,0,0,1,0,75.58370679001754
358,71.0,4.855,18.0824,9.3832,5.9846,34.2591,69.5,0,0,0,0,1,0,0,0,0,0,1,0,74.18584354120073
359,71.0,4.9633,19.2523,9.3438,5.9951,34.2608,69.5,0,0,0,0,1,0,0,0,0,0,1,0,75.75150568515981
360,73.0,4.5173,18.0563,9.1482,6.4233,34.2641,69.5,0,0,0,0,1,0,0,0,0,0,1,0,69.84889933010909
361,72.0,4.9342,17.1633,9.6424,6.1333,34.2659,69.5,0,0,0,0,1,0,0,0,0,0,1,0,74.6875790960844
362,73.0,4.7355,19.4217,9.2878,6.8704,34.2659,69.5,0,0,0,0,1,0,0,0,0,0,1,0,72.41812161283084
363,68.0,4.3692,17.3238,9.6916,5.9442,34.2676,69.5,0,0,0,0,1,0,0,0,0,0,1,0,71.48888852361357
364,71.0,4.5533,17.5311,9.6326,5.8952,34.2694,69.5,0,0,0,0,1,0,0,0,0,0,1,0,72.8605460588354
365,73.0,4.6967,17.5285,9.6654,5.9987,34.2694,69.5,0,0,0,0,1,0,0,0,0,0,1,0,73.81709539332472
366,73.0,4.6042,17.5086,9.6358,6.1091,34.2711,69.5,0,0,0,0,1,0,0,0,0,0,1,0,72.83242703099107
367,74.0,4.8255,19.1483,9.184,6.6147,34.2728,69.5,0,0,0,0,1,0,0,0,0,0,1,0,72.88460510867027
368,71.0,4.7583,18.2786,9.4095,6.4176,34.2745,69.5,0,0,0,0,1,0,0,0,0,0,1,0,73.0539765445917
369,69.0,4.5508,17.4496,9.626,6.4298,34.2745,69.5,0,0,0,0,1,0,0,0,0,0,1,0,71.69133542697341
370,70.0,4.4042,16.2835,9.2946,6.5117,34.2745,69.5,0,0,0,0,1,0,0,0,0,0,1,0,67.56872243155877
371,69.0,4.62,17.1391,9.1804,6.2545,34.2753,69.5,0,0,0,0,1,0,0,0,0,0,1,0,70.157225123802
372,70.0,4.4517,16.1737,9.4751,6.4764,34.2779,69.5,0,0,0,0,1,0,0,0,0,0,1,0,68.7516442392466
373,73.0,4.6742,18.6396,9.5899,6.0619,34.2796,69.5,0,0,0,0,1,0,0,0,0,0,1,0,74.31677882922624
374,72.0,4.6492,18.1698,9.2159,6.1799,34.2808,69.5,0,0,0,0,1,0,0,0,0,0,1,0,71.7729914644853
375,74.0,4.5242,16.6033,9.3307,5.8044,34.2846,69.5,0,0,0,0,1,0,0,0,0,0,1,0,70.50230729031246
376,74.0,4.7517,18.1046,9.5965,5.5936,34.2847,69.5,0,0,0,0,1,0,0,0,0,0,1,0,75.03579606571412
377,72.0,4.8333,15.2842,9.4751,6.3427,34.2864,69.5,0,0,0,0,1,0,0,0,0,0,1,0,70.784157493742
378,72.0,4.6155,17.3946,9.1732,6.5592,34.2864,69.5,0,0,0,0,1,0,0,0,0,0,1,0,69.6925833784153
379,76.0,4.755,16.9523,9.5637,6.0029,34.2898,69.5,0,0,0,0,1,0,0,0,0,0,1,0,73.18121329465093
380,70.0,4.535,17.5994,9.0125,6.7278,34.2898,69.5,0,0,0,0,1,0,0,0,0,0,1,0,68.14057328442378
381,72.0,4.7591,18.9761,9.5276,5.8544,34.2901,69.5,0,0,0,0,1,0,0,0,0,0,1,0,75.25117646673719
382,72.0,4.4717,17.1929,9.5472,6.4865,34.2915,69.5,0,0,0,0,1,0,0,0,0,0,1,0,70.35587226477475
383,71.0,4.62,18.3958,9.6063,6.0919,34.292,69.5,0,0,0,0,1,0,0,0,0,0,1,0,73.74123065845869
384,74.0,4.665,19.3553,9.7146,5.3518,34.2932,69.5,0,0,0,0,1,0,0,0,0,0,1,0,76.29142044855003
385,72.0,4.61,16.6652,9.5472,6.0171,34.2932,69.5,0,0,0,0,1,0,0,0,0,0,1,0,71.77887579924243
386,73.0,4.4958,17.006,9.544,6.2074,34.295,69.5,0,0,0,0,1,0,0,0,0,0,1,0,70.93503542474767
387,68.0,4.2583,14.4886,9.7014,6.4779,34.295,69.5,0,0,0,0,1,0,0,0,0,0,1,0,66.3935156094032
388,77.0,4.6558,17.1233,9.4521,6.1874,34.3018,69.5,0,0,0,0,1,0,0,0,0,0,1,0,71.83559097397196
389,70.0,4.8033,18.5365,9.2389,6.6871,34.3018,69.5,0,0,0,0,1,0,0,0,0,0,1,0,72.25624138396304
390,74.0,4.6742,17.4793,9.1831,5.6517,34.3035,69.5,0,0,0,0,1,0,0,0,0,0,1,0,72.04905965142581
391,72.0,4.775,18.0797,9.5505,6.1863,34.3069,69.5,0,0,0,0,1,0,0,0,0,0,1,0,74.08898629938366
392,74.0,4.6392,17.4372,9.5669,6.3977,34.3069,69.5,0,0,0,0,1,0,0,0,0,0,1,0,72.14412181710937
393,70.0,4.495,17.3296,9.6621,6.0669,34.3103,69.5,0,0,0,0,1,0,0,0,0,0,1,0,72.09284053343407
394,71.0,4.6917,17.7297,9.1831,6.1375,34.3154,69.5,0,0,0,0,1,0,0,0,0,0,1,0,71.57545024406802
395,72.0,4.4217,17.5712,9.1798,6.378,34.3171,69.5,0,0,0,0,1,0,0,0,0,0,1,0,68.91586005588407
396,72.0,4.8033,17.367,9.2979,6.1461,34.3189,69.5,0,0,0,0,1,0,0,0,0,0,1,0,72.48976024259994
397,72.0,4.7245,17.4458,9.1374,6.0883,34.3199,69.5,0,0,0,0,1,0,0,0,0,0,1,0,71.3897035986886
398,75.0,4.8867,18.4686,9.5144,5.9854,34.3206,69.5,0,0,0,0,1,0,0,0,0,0,1,0,75.37913837337491
399,71.0,4.7483,18.4131,9.2421,6.3671,34.324,69.5,0,0,0,0,1,0,0,0,0,0,1,0,72.48164989657536
400,71.0,4.6442,18.0014,9.6194,6.4622,34.3257,69.5,0,0,0,0,1,0,0,0,0,0,1,0,72.87462327737691
401,73.0,4.5692,17.9694,9.5538,6.8429,34.3386,69.5,0,0,0,0,1,0,0,0,0,0,1,0,71.12171773808991
402,71.0,4.77,17.0992,9.3602,6.2164,34.3393,69.5,0,0,0,0,1,0,0,0,0,0,1,0,72.14921959625602
403,72.0,4.6433,18.0471,9.1864,6.3118,34.341,69.5,0,0,0,0,1,0,0,0,0,0,1,0,71.24079678426413
404,70.0,4.4817,16.4578,9.6916,5.8055,34.3513,69.5,0,0,0,0,1,0,0,0,0,0,1,0,71.70956182760322
405,73.0,4.7333,17.7993,9.6686,5.8089,34.3513,69.5,0,0,0,0,1,0,0,0,0,0,1,0,74.69813291279144
406,71.0,4.6217,17.9604,9.5702,6.4594,34.3513,69.5,0,0,0,0,1,0,0,0,0,0,1,0,72.4758496105737
407,70.0,4.6658,17.2815,9.311,6.3831,34.3564,69.5,0,0,0,0,1,0,0,0,0,0,1,0,71.04689051221699
408,72.0,4.6858,17.3187,9.1404,6.4262,34.3564,69.5,0,0,0,0,1,0,0,0,0,0,1,0,70.31749593191654
409,72.0,4.8717,18.5518,9.229,6.2655,34.3572,69.5,0,0,0,0,1,0,0,0,0,0,1,0,73.61539702235372
410,71.0,4.6692,16.3927,9.5177,5.9276,34.3581,69.5,0,0,0,0,1,0,0,0,0,0,1,0,71.97495738743936
411,71.0,4.7867,14.95,9.6424,5.7737,34.3598,69.5,0,0,0,0,1,0,0,0,0,0,1,0,71.967395603645
412,71.0,4.6025,18.5232,9.6686,6.2703,34.3622,69.5,0,0,0,0,1,0,0,0,0,0,1,0,73.73266807868083
413,71.0,4.5967,17.498,9.2717,6.3369,34.3622,69.5,0,0,0,0,1,0,0,0,0,0,1,0,70.69977865575702
414,70.0,4.5433,18.32,9.4652,6.0061,34.3666,69.5,0,0,0,0,1,0,0,0,0,0,1,0,72.71502614023666
415,72.0,4.775,18.2803,9.4849,6.6394,34.3702,69.5,0,0,0,0,1,0,0,0,0,0,1,0,73.11056956151005
416,75.0,4.6892,15.9658,9.5702,5.5522,34.3718,69.5,0,0,0,0,1,0,0,0,0,0,1,0,72.48755067263956
417,71.0,4.9067,18.8643,9.3996,6.3183,34.3718,69.5,0,0,0,0,1,0,0,0,0,0,1,0,74.83392507247008
418,74.0,4.7733,19.8465,9.1568,6.2554,34.3721,69.5,0,0,0,0,1,0,0,0,0,0,1,0,73.86166691557219
419,74.0,4.545,19.1479,9.0387,6.2783,34.3752,69.5,0,0,0,0,1,0,0,0,0,0,1,0,71.0361524716767
420,70.0,4.4258,17.1455,9.6982,6.4888,34.3752,69.5,0,0,0,0,1,0,0,0,0,0,1,0,70.70961584752426
421,72.0,4.495,17.209,9.3471,6.4787,34.3803,69.5,0,0,0,0,1,0,0,0,0,0,1,0,69.69421201271504
422,72.0,4.7825,18.1565,9.1864,5.8432,34.382,69.5,0,0,0,0,1,0,0,0,0,0,1,0,73.21127994788753
423,73.0,4.8183,18.1362,9.1896,6.2299,34.382,69.5,0,0,0,0,1,0,0,0,0,0,1,0,72.7548920458229
424,73.0,4.7433,18.126,9.1142,6.4617,34.382,69.5,0,0,0,0,1,0,0,0,0,0,1,0,71.39082909274508
425,72.0,4.63,18.7859,9.603,6.0615,34.3905,69.5,0,0,0,0,1,0,0,0,0,0,1,0,74.29148841618483
426,66.0,4.6982,17.7623,9.2985,6.332,34.3907,69.5,0,0,0,0,1,0,0,0,0,0,1,0,71.86098932728164
427,69.0,4.5533,18.3721,10.9383,7.9761,34.3922,65.5,0,1,0,0,0,0,0,1,0,0,0,0,70.22532209655111
428,71.0,4.7767,16.3716,9.5637,6.1908,34.3939,69.5,0,0,0,0,1,0,0,0,0,0,1,0,72.43346382244334
429,72.0,4.5858,17.3474,9.5571,6.1258,34.3981,69.5,0,0,0,0,1,0,0,0,0,0,1,0,72.24935606654168
430,75.0,4.6475,18.5206,9.5079,6.3826,34.3991,69.5,0,0,0,0,1,0,0,0,0,0,1,0,73.13682882206649
431,72.0,4.6409,17.4204,9.3128,6.045,34.4048,69.5,0,0,0,0,1,0,0,0,0,0,1,0,71.75524704391475
432,71.0,4.645,18.8331,9.2749,6.4614,34.4048,69.5,0,0,0,0,1,0,0,0,0,0,1,0,72.18864051728954
433,72.0,4.4483,14.9397,9.3701,6.337,34.4059,69.5,0,0,0,0,1,0,0,0,0,0,1,0,67.21858155285166
434,72.0,4.6025,18.9015,9.2421,6.2944,34.4076,69.5,0,0,0,0,1,0,0,0,0,0,1,0,72.1558575857976
435,72.0,4.6375,18.5116,9.1437,6.7048,34.4093,69.5,0,0,0,0,1,0,0,0,0,0,1,0,70.64122542682338
436,72.0,4.6408,18.3767,9.5899,6.3667,34.411,69.5,0,0,0,0,1,0,0,0,0,0,1,0,73.35851457011272
437,72.0,4.4042,16.5364,9.3996,6.4513,34.4144,69.5,0,0,0,0,1,0,0,0,0,0,1,0,68.60884970190317
438,71.0,4.6617,17.308,9.2651,6.1209,34.4149,69.5,0,0,0,0,1,0,0,0,0,0,1,0,71.41996240713276
439,71.0,4.7973,17.9222,9.4023,6.5754,34.4168,69.5,0,0,0,0,1,0,0,0,0,0,1,0,72.70009594279458
440,70.0,4.0075,17.3126,10.8399,8.1695,34.4196,65.5,0,1,0,0,0,0,0,1,0,0,0,0,64.4712797764919
441,73.0,4.5933,17.7331,9.3307,6.1575,34.4223,69.5,0,0,0,0,1,0,0,0,0,0,1,0,71.62120801869813
442,72.0,4.6873,18.794,9.549,5.8426,34.4261,69.5,0,0,0,0,1,0,0,0,0,0,1,0,74.82638847734687
443,75.0,4.6408,16.8865,9.3307,6.0667,34.4264,69.5,0,0,0,0,1,0,0,0,0,0,1,0,71.24566699040702
444,74.0,4.67,18.3608,9.5177,6.3,34.4298,69.5,0,0,0,0,1,0,0,0,0,0,1,0,73.37397490194685
445,71.0,4.2983,17.5054,9.5341,6.526,34.4315,69.5,0,0,0,0,1,0,0,0,0,0,1,0,69.31891245154415
446,77.0,4.885,18.3066,9.2028,6.4735,34.4366,69.5,0,0,0,0,1,0,0,0,0,0,1,0,72.98391265115485
447,72.0,4.7067,17.5806,9.4029,6.3451,34.441,69.5,0,0,0,0,1,0,0,0,0,0,1,0,72.23120522969427
448,71.0,4.6267,15.559,9.2421,6.2304,34.4486,69.5,0,0,0,0,1,0,0,0,0,0,1,0,68.90958001121899
449,71.0,4.6492,17.796,9.3635,6.2523,34.4486,69.5,0,0,0,0,1,0,0,0,0,0,1,0,72.06421218936401
450,71.0,4.4508,17.6871,9.2257,6.495,34.4503,69.5,0,0,0,0,1,0,0,0,0,0,1,0,69.31259493207455
451,73.0,4.6833,17.1839,9.3701,6.0468,34.452,69.5,0,0,0,0,1,0,0,0,0,0,1,0,72.09988510686483
452,74.0,4.7067,18.5165,9.4357,6.2522,34.4537,69.5,0,0,0,0,1,0,0,0,0,0,1,0,73.52169088735451
453,72.0,4.6342,18.5684,9.2257,6.2778,34.4537,69.5,0,0,0,0,1,0,0,0,0,0,1,0,72.04603906244871
454,72.0,4.455,19.1075,9.3242,6.4166,34.4571,69.5,0,0,0,0,1,0,0,0,0,0,1,0,71.4414711734386
455,72.0,4.6327,19.0468,9.481,6.2681,34.4652,69.5,0,0,0,0,1,0,0,0,0,0,1,0,73.69570828655921
456,71.0,4.6191,14.7192,9.2448,6.1094,34.4687,69.5,0,0,0,0,1,0,0,0,0,0,1,0,68.15879936726022
458,71.0,4.3883,15.8513,9.3143,6.4428,34.4726,69.5,0,0,0,0,1,0,0,0,0,0,1,0,67.3688637118999
459,69.0,4.59,17.4441,9.206,6.4728,34.4875,69.5,0,0,0,0,1,0,0,0,0,0,1,0,70.07216980445804
460,67.0,4.34,17.638,9.4718,6.5464,34.4912,69.5,0,0,0,0,1,0,0,0,0,0,1,0,69.49023310453714
461,71.0,4.5142,16.8466,9.4095,6.3968,34.4929,69.5,0,0,0,0,1,0,0,0,0,0,1,0,70.01115533343359
462,71.0,4.3942,17.0807,9.2553,6.4287,34.4964,69.5,0,0,0,0,1,0,0,0,0,0,1,0,68.56102462471239
463,71.0,4.5908,15.9372,9.4324,6.2945,34.4998,69.5,0,0,0,0,1,0,0,0,0,0,1,0,69.89111558020849
464,71.0,4.5875,17.6599,9.3635,6.377,34.4998,69.5,0,0,0,0,1,0,0,0,0,0,1,0,71.25648500389309
465,71.0,4.6433,17.2796,9.4751,6.1524,34.5006,69.5,0,0,0,0,1,0,0,0,0,0,1,0,72.23883106493035
466,64.0,4.425,16.7637,9.5538,7.6702,34.5006,69.5,0,0,0,0,1,0,0,0,0,0,1,0,66.75648331840615
467,74.0,4.6383,18.5979,9.5997,6.0191,34.5015,69.5,0,0,0,0,1,0,0,0,0,0,1,0,74.3136176069998
468,71.0,4.4058,17.8683,9.4193,6.1515,34.5032,69.5,0,0,0,0,1,0,0,0,0,0,1,0,70.87517136488685
469,71.0,4.5833,18.1105,9.0223,6.2346,34.5032,69.5,0,0,0,0,1,0,0,0,0,0,1,0,70.37934078534518
470,72.0,4.6767,17.3592,9.2717,6.3698,34.5032,69.5,0,0,0,0,1,0,0,0,0,0,1,0,71.16244185862566
471,72.0,4.6625,19.0992,9.3996,6.1709,34.5061,69.5,0,0,0,0,1,0,0,0,0,0,1,0,73.80120623627047
472,73.0,4.575,17.2746,9.2356,6.2977,34.5066,69.5,0,0,0,0,1,0,0,0,0,0,1,0,70.32739593317262
473,69.0,4.6025,16.1425,9.6686,6.2992,34.5066,69.5,0,0,0,0,1,0,0,0,0,0,1,0,71.29371155503131
474,70.0,4.6767,19.0806,9.5276,6.3673,34.5066,69.5,0,0,0,0,1,0,0,0,0,0,1,0,74.07624279345033
475,73.0,5.0108,19.295,9.6096,6.0563,34.5083,69.5,0,0,0,0,1,0,0,0,0,0,1,0,77.31095823931614
476,73.0,4.7258,19.1015,9.1207,6.1041,34.5117,69.5,0,0,0,0,1,0,0,0,0,0,1,0,73.0828045427036
477,73.0,4.5475,16.8498,9.5997,6.2095,34.5117,69.5,0,0,0,0,1,0,0,0,0,0,1,0,71.55834172429896
478,72.0,4.8858,18.8229,9.6358,6.2279,34.5134,69.5,0,0,0,0,1,0,0,0,0,0,1,0,75.97012330028902
479,70.0,4.9508,17.7158,9.3242,6.3352,34.5151,69.5,0,0,0,0,1,0,0,0,0,0,1,0,73.73580082979542
480,70.0,4.4633,18.038,9.5965,6.8718,34.5154,69.5,0,0,0,0,1,0,0,0,0,0,1,0,70.65489356730168
481,71.0,4.9242,15.9481,9.5669,6.2193,34.5168,69.5,0,0,0,0,1,0,0,0,0,0,1,0,73.00728596185951
482,75.0,4.675,18.7326,9.731,6.5534,34.5173,69.5,0,0,0,0,1,0,0,0,0,0,1,0,74.24949823885821
483,70.0,4.4475,17.552,9.7014,5.9995,34.5185,69.5,0,0,0,0,1,0,0,0,0,0,1,0,72.43032552399244
484,71.0,4.6408,17.7013,9.1634,6.1396,34.5203,69.5,0,0,0,0,1,0,0,0,0,0,1,0,71.24772867242898
485,69.0,4.3067,16.8241,9.311,6.3071,34.5203,69.5,0,0,0,0,1,0,0,0,0,0,1,0,68.17765387260481
486,74.0,4.465,16.3049,9.2257,6.502,34.5203,69.5,0,0,0,0,1,0,0,0,0,0,1,0,67.93390170428137
487,71.0,4.5925,19.3814,9.2717,6.6697,34.5203,69.5,0,0,0,0,1,0,0,0,0,0,1,0,71.94868474970525
488,73.0,4.5225,17.8186,9.2126,5.9238,34.521,69.5,0,0,0,0,1,0,0,0,0,0,1,0,71.17798824096377
489,71.0,4.6033,17.5802,9.5669,6.3057,34.5288,69.5,0,0,0,0,1,0,0,0,0,0,1,0,72.39974682201849
490,71.0,4.3442,18.4863,9.206,6.465,34.5305,69.5,0,0,0,0,1,0,0,0,0,0,1,0,69.37196212732132
491,73.0,4.455,18.4993,9.334,6.1974,34.5322,69.5,0,0,0,0,1,0,0,0,0,0,1,0,71.41212738164185
492,72.0,4.5455,15.1891,9.4273,6.3321,34.5322,69.5,0,0,0,0,1,0,0,0,0,0,1,0,68.60738176690631
493,72.0,4.3058,15.438,9.5243,6.5686,34.5339,69.5,0,0,0,0,1,0,0,0,0,0,1,0,67.00892462022217
494,72.0,4.6375,16.4785,9.6621,6.1663,34.5341,69.5,0,0,0,0,1,0,0,0,0,0,1,0,72.18010411998578
495,73.0,4.5067,16.0996,9.1962,6.9648,34.5441,69.5,0,0,0,0,1,0,0,0,0,0,1,0,66.76398951462723
496,72.0,4.4767,18.5725,9.649,6.5187,34.5445,69.5,0,0,0,0,1,0,0,0,0,0,1,0,72.39780751323266
497,71.0,4.3617,16.592,9.5932,6.3751,34.5452,69.5,0,0,0,0,1,0,0,0,0,0,1,0,69.53331445241987
498,72.0,4.6592,16.8405,9.6457,6.3797,34.5459,69.5,0,0,0,0,1,0,0,0,0,0,1,0,72.2262333846601
499,73.0,4.5217,17.9485,9.544,6.5829,34.5465,69.5,0,0,0,0,1,0,0,0,0,0,1,0,71.48445851535226
500,70.0,4.4033,17.1748,9.6391,6.3335,34.5476,69.5,0,0,0,0,1,0,0,0,0,0,1,0,70.7849979590965
501,73.0,4.5975,18.3402,9.3406,6.3846,34.5527,69.5,0,0,0,0,1,0,0,0,0,0,1,0,71.94539467503863
502,70.0,4.745,18.03,9.6949,5.8764,34.5561,69.5,0,0,0,0,1,0,0,0,0,0,1,0,75.15994966640284
503,70.0,4.7158,17.4161,9.6161,6.0207,34.5612,69.5,0,0,0,0,1,0,0,0,0,0,1,0,73.79880381935014
504,74.0,4.7958,19.1815,9.5177,6.2526,34.5639,69.5,0,0,0,0,1,0,0,0,0,0,1,0,75.19153028210569
505,72.0,4.4633,17.6119,9.6949,6.2603,34.568,69.5,0,0,0,0,1,0,0,0,0,0,1,0,72.1113101184621
506,73.0,4.535,18.0846,9.6818,6.0447,34.5698,69.5,0,0,0,0,1,0,0,0,0,0,1,0,73.4625615951847
507,71.0,4.6175,15.6234,9.79,6.2129,34.5698,69.5,0,0,0,0,1,0,0,0,0,0,1,0,71.57826144698754
508,73.0,4.6708,19.1791,9.0748,6.7763,34.5715,69.5,0,0,0,0,1,0,0,0,0,0,1,0,71.1790280752401
509,77.0,5.2042,20.0646,9.5374,6.1744,34.5732,69.5,0,0,0,0,1,0,0,0,0,0,1,0,78.61821467069322
510,71.0,4.6458,18.3713,9.5505,6.697,34.5732,69.5,0,0,0,0,1,0,0,0,0,0,1,0,72.60728317106094
511,76.0,4.8036,17.5763,9.3737,6.5595,34.5834,69.5,0,0,0,0,1,0,0,0,0,0,1,0,72.41355637103888
512,76.0,4.8725,18.2934,9.6129,6.5119,34.5851,69.5,0,0,0,0,1,0,0,0,0,0,1,0,74.8020940867038
513,73.0,4.7525,18.0421,9.5735,6.2397,34.5919,69.5,0,0,0,0,1,0,0,0,0,0,1,0,74.11640344170775
514,74.0,4.8417,19.2262,9.5112,6.356,34.5936,69.5,0,0,0,0,1,0,0,0,0,0,1,0,75.33543195397435
515,73.0,4.7608,17.9843,9.1437,6.3896,34.5936,69.5,0,0,0,0,1,0,0,0,0,0,1,0,71.82526271050864
516,70.0,4.4233,17.6756,9.4029,6.1622,34.5955,69.5,0,0,0,0,1,0,0,0,0,0,1,0,70.78001489522848
517,69.0,4.5833,17.1085,9.3602,6.2583,34.5971,69.5,0,0,0,0,1,0,0,0,0,0,1,0,70.95323617333692
518,70.0,4.2742,16.7083,9.2421,6.6572,34.5971,69.5,0,0,0,0,1,0,0,0,0,0,1,0,66.68807293946972
519,70.0,4.5708,18.5469,9.2913,6.295,34.5988,69.5,0,0,0,0,1,0,0,0,0,0,1,0,71.95464698013205
520,73.0,4.4208,19.3391,9.334,6.1489,34.6005,69.5,0,0,0,0,1,0,0,0,0,0,1,0,72.1184512658194
522,74.0,4.5192,17.2161,9.5604,6.1639,34.6022,69.5,0,0,0,0,1,0,0,0,0,0,1,0,71.72807300920952
523,70.0,4.5075,17.8458,9.393,6.0972,34.6104,69.5,0,0,0,0,1,0,0,0,0,0,1,0,71.67092807201809
524,71.0,4.365,16.6336,9.4259,6.4102,34.6175,69.5,0,0,0,0,1,0,0,0,0,0,1,0,68.797280824387
525,71.0,4.4908,17.7167,9.4226,6.1779,34.6179,69.5,0,0,0,0,1,0,0,0,0,0,1,0,71.39736713680706
526,74.0,4.77,18.6815,9.5341,6.5838,34.6192,69.5,0,0,0,0,1,0,0,0,0,0,1,0,74.00431257633223
527,71.0,4.485,19.5253,9.6949,6.5233,34.6216,69.5,0,0,0,0,1,0,0,0,0,0,1,0,73.60912364192933
528,72.0,4.6282,16.8119,9.66,6.0864,34.6305,69.5,0,0,0,0,1,0,0,0,0,0,1,0,72.69221097285646
529,70.0,4.4733,18.3542,9.2356,6.3253,34.6312,69.5,0,0,0,0,1,0,0,0,0,0,1,0,70.74672399767336
530,73.0,4.8417,17.624,9.311,6.4454,34.6312,69.5,0,0,0,0,1,0,0,0,0,0,1,0,72.71374971386578
531,72.0,4.7764,17.2332,9.4273,6.0027,34.6365,69.5,0,0,0,0,1,0,0,0,0,0,1,0,73.26405466879001
532,72.0,4.4683,18.3643,9.4324,6.3696,34.6365,69.5,0,0,0,0,1,0,0,0,0,0,1,0,71.54642098894088
533,72.0,4.5208,17.9507,9.685,6.3324,34.638,69.5,0,0,0,0,1,0,0,0,0,0,1,0,72.73787293439456
534,72.0,4.48,18.1184,9.6818,6.1658,34.6383,69.5,0,0,0,0,1,0,0,0,0,0,1,0,72.92782868244409
535,71.0,4.4867,17.8312,9.3143,6.4488,34.6421,69.5,0,0,0,0,1,0,0,0,0,0,1,0,70.4115275927292
536,74.0,4.4058,17.3687,9.7572,6.2456,34.6431,69.5,0,0,0,0,1,0,0,0,0,0,1,0,71.79478128184287
537,71.0,4.6133,18.3228,9.7572,6.2906,34.6431,69.5,0,0,0,0,1,0,0,0,0,0,1,0,74.16967289304685
538,76.0,4.8375,20.9856,9.1896,6.2398,34.6449,69.5,0,0,0,0,1,0,0,0,0,0,1,0,75.61165469777512
539,71.0,4.4858,18.4976,9.6686,6.3088,34.6449,69.5,0,0,0,0,1,0,0,0,0,0,1,0,73.00472608354177
540,63.0,4.6483,16.644,8.4875,6.8504,34.6449,59.5,0,0,0,1,0,0,0,0,0,1,0,0,63.195269224355904
541,67.0,3.645,15.686,9.9934,7.2153,34.6458,65.5,0,1,0,0,0,0,0,1,0,0,0,0,59.26231053887895
542,71.0,4.5608,17.2662,9.3832,6.3014,34.6466,69.5,0,0,0,0,1,0,0,0,0,0,1,0,71.01350428359302
543,72.0,4.6158,18.7578,9.2684,6.3256,34.6476,69.5,0,0,0,0,1,0,0,0,0,0,1,0,72.3507593926801
544,73.0,4.5,15.451,9.708,5.5939,34.65,69.5,0,0,0,0,1,0,0,0,0,0,1,0,71.38568456832151
545,72.0,4.5208,16.809,9.5144,6.2287,34.6568,69.5,0,0,0,0,1,0,0,0,0,0,1,0,71.00123113010744
546,71.0,4.2433,16.6652,9.7244,6.4779,34.657,69.5,0,0,0,0,1,0,0,0,0,0,1,0,69.148565435179
547,71.0,4.6933,19.1495,9.3077,6.785,34.6585,69.5,0,0,0,0,1,0,0,0,0,0,1,0,72.45373041097588
548,70.0,4.2367,17.4826,9.4948,6.1176,34.6588,69.5,0,0,0,0,1,0,0,0,0,0,1,0,69.72377147152339
549,73.0,4.7508,18.3826,9.79,6.259,34.6619,69.5,0,0,0,0,1,0,0,0,0,0,1,0,75.38428880061076
550,71.0,4.8225,17.5006,9.1371,6.2822,34.6636,69.5,0,0,0,0,1,0,0,0,0,0,1,0,71.99024934051825
551,72.0,4.3375,18.1029,9.7179,6.3058,34.6644,69.5,0,0,0,0,1,0,0,0,0,0,1,0,71.74310524012742
552,71.0,4.5508,17.7859,9.2913,6.0518,34.6653,69.5,0,0,0,0,1,0,0,0,0,0,1,0,71.58057016508786
553,72.0,4.5892,18.1284,9.6293,6.3496,34.6653,69.5,0,0,0,0,1,0,0,0,0,0,1,0,73.148740600025
554,72.0,4.6717,19.0202,9.1831,6.5837,34.6687,69.5,0,0,0,0,1,0,0,0,0,0,1,0,72.06077967448599
555,73.0,4.5408,17.3333,9.3799,6.3555,34.6705,69.5,0,0,0,0,1,0,0,0,0,0,1,0,70.82440374465348
556,72.0,4.6017,16.4442,9.6686,6.2275,34.6807,69.5,0,0,0,0,1,0,0,0,0,0,1,0,71.9053734628208
557,71.0,4.5342,17.8551,9.311,6.2642,34.6858,69.5,0,0,0,0,1,0,0,0,0,0,1,0,71.21050320251908
558,73.0,4.635,18.7382,9.2618,6.3095,34.6905,69.5,0,0,0,0,1,0,0,0,0,0,1,0,72.5023729793565
559,73.0,4.7358,18.6849,9.5833,6.5027,34.6909,69.5,0,0,0,0,1,0,0,0,0,0,1,0,74.21913051963142
560,72.0,4.2717,15.4908,9.3438,6.3415,34.6926,69.5,0,0,0,0,1,0,0,0,0,0,1,0,66.62325548777306
561,70.0,4.5742,14.4982,9.6621,5.739,34.694,69.5,0,0,0,0,1,0,0,0,0,0,1,0,70.404132620222
562,74.0,4.7717,18.0376,9.2421,6.1551,34.6961,69.5,0,0,0,0,1,0,0,0,0,0,1,0,72.96818000864994
563,74.0,4.548,18.7499,9.2323,6.6177,34.6961,69.5,0,0,0,0,1,0,0,0,0,0,1,0,71.07338638749123
564,71.0,4.6758,18.0609,9.311,6.2456,34.6998,69.5,0,0,0,0,1,0,0,0,0,0,1,0,72.48111378813522
565,71.0,4.5817,17.5273,9.3898,6.0997,34.7029,69.5,0,0,0,0,1,0,0,0,0,0,1,0,71.92608545479828
566,71.0,4.532,16.5947,9.2441,6.1269,34.7042,69.5,0,0,0,0,1,0,0,0,0,0,1,0,69.82988549000747
567,75.0,4.6027,17.1295,9.5634,6.6347,34.7063,69.5,0,0,0,0,1,0,0,0,0,0,1,0,71.30497810402369
568,79.0,5.1258,18.3518,9.5866,5.9903,34.7114,69.5,0,0,0,0,1,0,0,0,0,0,1,0,77.31111599225449
569,76.0,4.7133,17.9534,9.439,6.074,34.7114,69.5,0,0,0,0,1,0,0,0,0,0,1,0,73.55386177118203
570,71.0,4.6158,17.6039,9.4488,6.1888,34.7131,69.5,0,0,0,0,1,0,0,0,0,0,1,0,72.35170045548433
571,71.0,4.4383,17.9596,9.649,6.287,34.7131,69.5,0,0,0,0,1,0,0,0,0,0,1,0,72.1312723657003
572,75.0,4.6418,18.5383,9.5061,6.2379,34.7147,69.5,0,0,0,0,1,0,0,0,0,0,1,0,73.634556654964
573,70.0,4.6392,16.8474,9.5177,6.6802,34.7165,69.5,0,0,0,0,1,0,0,0,0,0,1,0,70.95179956520899
574,73.0,4.4827,17.8015,9.3701,6.0389,34.7184,69.5,0,0,0,0,1,0,0,0,0,0,1,0,71.53517171811762
575,71.0,4.5192,18.7181,9.6293,5.9756,34.7221,69.5,0,0,0,0,1,0,0,0,0,0,1,0,73.96133118794205
576,70.0,4.3809,16.725,9.6421,6.1061,34.724,69.5,0,0,0,0,1,0,0,0,0,0,1,0,70.76495524183645
577,71.0,4.3925,17.9144,9.6522,6.1636,34.7251,69.5,0,0,0,0,1,0,0,0,0,0,1,0,72.01887055202769
578,70.0,4.5645,18.0987,9.3808,6.2185,34.7258,69.5,0,0,0,0,1,0,0,0,0,0,1,0,72.12916727264042
579,70.0,4.5225,17.2026,9.3077,6.415,34.7302,69.5,0,0,0,0,1,0,0,0,0,0,1,0,70.11970548864055
580,74.0,4.5608,17.7035,9.2782,6.1429,34.7336,69.5,0,0,0,0,1,0,0,0,0,0,1,0,71.3782166718759
581,70.0,4.5692,18.2191,9.3012,6.3412,34.7353,69.5,0,0,0,0,1,0,0,0,0,0,1,0,71.66631816662478
582,73.0,4.6467,18.4214,9.4062,6.4577,34.7353,69.5,0,0,0,0,1,0,0,0,0,0,1,0,72.66436961487184
583,72.0,4.3033,17.2661,9.4619,6.2865,34.737,69.5,0,0,0,0,1,0,0,0,0,0,1,0,69.5546422793288
584,71.0,4.7408,18.499,9.649,6.3548,34.7473,69.5,0,0,0,0,1,0,0,0,0,0,1,0,74.70751487181151
585,72.0,4.5008,15.8316,9.8228,6.4983,34.749,69.5,0,0,0,0,1,0,0,0,0,0,1,0,70.6321275984112
586,72.0,4.2308,17.1703,9.4849,6.7718,34.749,69.5,0,0,0,0,1,0,0,0,0,0,1,0,67.84134433868019
587,73.0,4.6017,19.4892,9.4095,6.0831,34.7507,69.5,0,0,0,0,1,0,0,0,0,0,1,0,74.12325666604296
588,73.0,4.8033,17.3145,9.3832,6.1823,34.7541,69.5,0,0,0,0,1,0,0,0,0,0,1,0,73.0874268736484
589,69.0,4.4608,18.1575,9.1175,6.6213,34.7575,69.5,0,0,0,0,1,0,0,0,0,0,1,0,69.30370320196593
590,71.0,4.6275,18.4869,9.2979,6.3567,34.7592,69.5,0,0,0,0,1,0,0,0,0,0,1,0,72.32373213602162
591,71.0,4.8292,20.3506,9.1995,6.3583,34.7612,69.5,0,0,0,0,1,0,0,0,0,0,1,0,74.9564479142217
592,73.0,4.6645,19.6354,9.388,6.7048,34.7612,69.5,0,0,0,0,1,0,0,0,0,0,1,0,73.34186609368267
593,72.0,4.43,17.1836,9.603,6.0891,34.7643,69.5,0,0,0,0,1,0,0,0,0,0,1,0,71.50541761355036
594,63.0,4.4567,17.5855,8.5532,6.2618,34.7643,59.5,0,0,0,1,0,0,0,0,0,1,0,0,64.58559106651495
595,70.0,4.51,16.8119,9.7423,5.8532,34.7668,69.5,0,0,0,0,1,0,0,0,0,0,1,0,72.73428766173947
596,76.0,4.6282,19.2707,9.2627,6.4323,34.7718,69.5,0,0,0,0,1,0,0,0,0,0,1,0,72.77620009006289
597,71.0,4.6736,18.397,9.3128,6.2961,34.778,69.5,0,0,0,0,1,0,0,0,0,0,1,0,72.76814742749816
598,77.0,4.6075,19.5065,9.1798,6.9277,34.778,69.5,0,0,0,0,1,0,0,0,0,0,1,0,71.3299262689187
599,73.0,4.3267,17.7693,9.2749,6.4547,34.7831,69.5,0,0,0,0,1,0,0,0,0,0,1,0,69.03707014389954
600,72.0,4.5375,17.3092,9.3668,6.1694,34.7865,69.5,0,0,0,0,1,0,0,0,0,0,1,0,71.19734106179513
601,71.0,4.6618,17.87,9.4095,6.5091,34.7873,69.5,0,0,0,0,1,0,0,0,0,0,1,0,72.15375507162186
602,74.0,4.5042,15.8831,9.334,5.9389,34.7899,69.5,0,0,0,0,1,0,0,0,0,0,1,0,69.71005591956366
603,67.0,4.4925,18.17,9.8097,6.8091,34.7899,65.5,0,1,0,0,0,0,0,1,0,0,0,0,68.6219942445689
604,73.0,4.6342,18.7596,9.2848,6.5841,34.7916,69.5,0,0,0,0,1,0,0,0,0,0,1,0,72.10804112457309
605,73.0,4.87,17.9988,9.4703,5.9795,34.7929,69.5,0,0,0,0,1,0,0,0,0,0,1,0,74.98992345372592
606,73.0,4.4967,17.0713,9.334,6.379,34.7944,69.5,0,0,0,0,1,0,0,0,0,0,1,0,70.04165309971448
607,73.0,4.4808,17.0364,9.4455,6.5545,34.7951,69.5,0,0,0,0,1,0,0,0,0,0,1,0,70.00721652137196
608,72.0,4.525,17.2606,9.5144,6.6675,34.7966,69.5,0,0,0,0,1,0,0,0,0,0,1,0,70.6359049676659
609,71.0,4.4818,17.2223,9.8497,6.6677,34.7985,69.5,0,0,0,0,1,0,0,0,0,0,1,0,71.78786825563652
610,73.0,4.5583,18.9894,9.3602,6.8962,34.7985,69.5,0,0,0,0,1,0,0,0,0,0,1,0,71.39590021561268
611,69.0,4.4783,18.9913,9.3537,6.3456,34.8019,69.5,0,0,0,0,1,0,0,0,0,0,1,0,72.05271047768227
612,71.0,4.2275,18.4814,9.836,6.5474,34.8087,69.5,0,0,0,0,1,0,0,0,0,0,1,0,71.34890043994923
613,72.0,4.6318,18.0527,9.3307,6.2627,34.8115,69.5,0,0,0,0,1,0,0,0,0,0,1,0,72.30493240753918
614,71.0,4.7825,17.5745,9.708,6.0086,34.8121,69.5,0,0,0,0,1,0,0,0,0,0,1,0,75.00358703855586
615,71.0,4.8217,17.5601,9.8425,6.3376,34.8155,69.5,0,0,0,0,1,0,0,0,0,0,1,0,75.24288119448987
616,71.0,4.4025,18.5492,9.3537,6.4165,34.8207,69.5,0,0,0,0,1,0,0,0,0,0,1,0,70.9092513194028
617,70.0,4.4736,17.9019,9.3343,6.303,34.8208,69.5,0,0,0,0,1,0,0,0,0,0,1,0,70.9426118454468
618,71.0,4.5642,17.0236,9.6194,5.8386,34.8227,69.5,0,0,0,0,1,0,0,0,0,0,1,0,72.86911810292195
619,72.0,4.4492,17.0977,9.3898,6.405,34.8275,69.5,0,0,0,0,1,0,0,0,0,0,1,0,69.94663991832506
620,73.0,4.5625,18.6946,9.685,6.236,34.8283,69.5,0,0,0,0,1,0,0,0,0,0,1,0,74.0993896158804
621,62.0,4.32,15.6463,8.54,6.347,34.8309,59.5,0,0,0,1,0,0,0,0,0,1,0,0,61.27539454855328
622,73.0,4.53,18.0798,9.6063,6.2044,34.8343,69.5,0,0,0,0,1,0,0,0,0,0,1,0,72.99254091146575
623,76.0,4.7417,20.1828,9.5833,6.395,34.8357,69.5,0,0,0,0,1,0,0,0,0,0,1,0,75.92458351612123
624,73.0,4.3342,17.5253,9.2651,6.3352,34.836,69.5,0,0,0,0,1,0,0,0,0,0,1,0,69.10662653689496
625,72.0,4.8125,18.4982,9.8392,5.9438,34.8376,69.5,0,0,0,0,1,0,0,0,0,0,1,0,76.72758570384518
626,68.0,4.36,17.4714,9.8294,7.144,34.8463,27.5,1,0,0,0,0,0,1,0,0,0,0,0,57.75852505218658
627,70.0,4.3258,18.5134,9.4652,6.4232,34.8497,69.5,0,0,0,0,1,0,0,0,0,0,1,0,70.80856381121602
628,71.0,4.72,19.1625,9.7047,6.5238,34.8548,69.5,0,0,0,0,1,0,0,0,0,0,1,0,75.16405986015775
629,72.0,4.755,17.0132,9.4455,6.2576,34.8582,69.5,0,0,0,0,1,0,0,0,0,0,1,0,72.65673687104547
630,71.0,4.4692,17.7222,9.5276,6.7128,34.8599,69.5,0,0,0,0,1,0,0,0,0,0,1,0,70.70823762100939
631,76.0,4.7275,17.8172,9.3176,6.7576,34.8636,69.5,0,0,0,0,1,0,0,0,0,0,1,0,71.62439564589371
632,70.0,4.645,15.698,9.9114,6.687,34.8667,69.5,0,0,0,0,1,0,0,0,0,0,1,0,71.56364557460803
633,71.0,4.635,17.3702,9.7868,6.1086,34.8684,69.5,0,0,0,0,1,0,0,0,0,0,1,0,74.00849303072711
634,71.0,4.4192,16.5911,9.4029,6.1783,34.8684,69.5,0,0,0,0,1,0,0,0,0,0,1,0,69.764607192228
635,71.0,4.7492,17.7987,9.3274,6.3583,34.8821,69.5,0,0,0,0,1,0,0,0,0,0,1,0,72.7070514998474
636,73.0,4.6727,16.8426,9.3379,5.8937,34.8934,69.5,0,0,0,0,1,0,0,0,0,0,1,0,72.12381174686668
637,72.0,4.76,17.5689,9.1437,6.2809,34.894,69.5,0,0,0,0,1,0,0,0,0,0,1,0,71.84130484049471
638,71.0,4.3583,17.6993,9.6161,6.5279,34.8975,69.5,0,0,0,0,1,0,0,0,0,0,1,0,70.71553733132427
639,77.0,4.5958,18.2128,9.2815,6.4256,34.899,69.5,0,0,0,0,1,0,0,0,0,0,1,0,71.70100846141813
640,72.0,4.5675,19.3099,9.7375,7.299,34.9009,69.5,0,0,0,0,1,0,0,0,0,0,1,0,72.5055507388325
641,72.0,4.6042,17.2838,9.8819,6.3255,34.9026,69.5,0,0,0,0,1,0,0,0,0,0,1,0,73.71816607915459
642,71.0,4.4433,18.5745,9.4849,6.6372,34.9027,69.5,0,0,0,0,1,0,0,0,0,0,1,0,71.40389884840164
643,70.0,4.4333,17.6358,9.5079,6.2013,34.9065,69.5,0,0,0,0,1,0,0,0,0,0,1,0,71.4519414872052
644,70.0,4.5136,16.5052,9.9248,6.444,34.9152,69.5,0,0,0,0,1,0,0,0,0,0,1,0,72.17509343563151
645,76.0,4.6836,18.1146,9.2233,6.2212,34.9158,69.5,0,0,0,0,1,0,0,0,0,0,1,0,72.39034143618562
646,74.0,4.3233,17.9978,9.6588,6.1515,34.9214,69.5,0,0,0,0,1,0,0,0,0,0,1,0,71.78176188303412
647,73.0,4.7183,17.8808,9.3898,6.1153,34.9265,69.5,0,0,0,0,1,0,0,0,0,0,1,0,73.37658516001855
648,72.0,4.5558,17.0962,9.8064,6.3277,34.9288,69.5,0,0,0,0,1,0,0,0,0,0,1,0,72.86792793352015
649,74.0,4.2873,18.5707,9.5991,6.4715,34.9295,69.5,0,0,0,0,1,0,0,0,0,0,1,0,71.12541494154961
650,73.0,4.3708,17.9793,9.4554,6.6214,34.9299,69.5,0,0,0,0,1,0,0,0,0,0,1,0,70.16480773225491
651,74.0,4.61,18.0365,9.3898,6.0517,34.9325,69.5,0,0,0,0,1,0,0,0,0,0,1,0,72.90697329173153
652,72.0,4.6725,18.0879,9.4127,5.944,34.9333,69.5,0,0,0,0,1,0,0,0,0,0,1,0,73.68023718382153
653,68.0,4.065,17.2438,11.0039,7.9184,34.935,65.5,0,1,0,0,0,0,0,1,0,0,0,0,66.37497883488243
654,71.0,4.5936,17.6499,9.4202,6.3859,34.9362,69.5,0,0,0,0,1,0,0,0,0,0,1,0,71.86760795642242
655,74.0,4.72,18.2863,9.3963,6.217,34.9367,69.5,0,0,0,0,1,0,0,0,0,0,1,0,73.63853760956188
656,72.0,4.6667,18.4476,9.5637,6.0216,34.9381,69.5,0,0,0,0,1,0,0,0,0,0,1,0,74.52876494563156
657,76.0,4.9608,19.6389,9.3373,6.1265,34.9435,69.5,0,0,0,0,1,0,0,0,0,0,1,0,76.33532258672551
658,63.0,4.5908,16.4602,8.4843,6.4454,34.9452,59.5,0,0,0,1,0,0,0,0,0,1,0,0,63.72492568672295
659,75.0,4.8408,18.6971,9.8556,5.889,34.947,69.5,0,0,0,0,1,0,0,0,0,0,1,0,77.29710345985214
660,71.0,4.6658,18.9214,9.8392,6.4621,34.947,69.5,0,0,0,0,1,0,0,0,0,0,1,0,75.3308657613875
661,69.0,4.18,16.3522,9.685,6.732,34.947,69.5,0,0,0,0,1,0,0,0,0,0,1,0,67.72883342844227
662,72.0,4.5692,16.2373,9.5276,6.5148,34.9538,69.5,0,0,0,0,1,0,0,0,0,0,1,0,70.36994398394997
663,74.0,4.6617,17.0011,9.6719,6.5883,34.9538,69.5,0,0,0,0,1,0,0,0,0,0,1,0,72.38124299204124
664,71.0,4.45,16.7355,9.6522,6.3243,34.9572,69.5,0,0,0,0,1,0,0,0,0,0,1,0,71.05221728049966
665,76.0,4.6733,19.0573,9.4619,6.1816,34.9606,69.5,0,0,0,0,1,0,0,0,0,0,1,0,74.433946025833
666,71.0,4.45,15.4939,9.649,6.241,34.9606,69.5,0,0,0,0,1,0,0,0,0,0,1,0,69.82652747396769
667,63.0,4.4017,15.5386,8.4941,6.368,34.9606,59.5,0,0,0,1,0,0,0,0,0,1,0,0,61.597193101886994
668,71.0,4.5392,18.3964,9.4259,6.0846,34.9623,69.5,0,0,0,0,1,0,0,0,0,0,1,0,72.88786498178771
669,72.0,4.5167,18.1873,9.5243,6.6683,34.964,69.5,0,0,0,0,1,0,0,0,0,0,1,0,71.7177035862279
670,72.0,4.4917,18.5459,9.5276,6.3843,34.9674,69.5,0,0,0,0,1,0,0,0,0,0,1,0,72.55262873168306
671,71.0,4.6292,17.8041,9.5013,6.3902,34.9709,69.5,0,0,0,0,1,0,0,0,0,0,1,0,72.67383919457339
672,72.0,4.6092,17.8293,9.4029,6.4341,34.9709,69.5,0,0,0,0,1,0,0,0,0,0,1,0,72.00769703950795
673,73.0,4.3825,15.8071,9.6654,5.9974,34.9754,69.5,0,0,0,0,1,0,0,0,0,0,1,0,70.28481292467586
674,73.0,4.4575,19.1445,9.3963,6.4461,34.9754,69.5,0,0,0,0,1,0,0,0,0,0,1,0,72.15464213459607
675,78.0,4.75,19.0878,9.4751,6.0333,34.9809,69.5,0,0,0,0,1,0,0,0,0,0,1,0,75.30204627066381
676,74.0,4.56,17.3483,9.3307,6.3973,34.9828,69.5,0,0,0,0,1,0,0,0,0,0,1,0,70.89417231760537
677,71.0,4.555,17.1795,9.6424,6.408,34.9828,69.5,0,0,0,0,1,0,0,0,0,0,1,0,72.09484863917828
678,72.0,4.6375,17.1275,9.3602,6.2451,34.9865,69.5,0,0,0,0,1,0,0,0,0,0,1,0,71.68377310311801
679,71.0,4.4525,18.845,9.9639,6.3012,34.9913,69.5,0,0,0,0,1,0,0,0,0,0,1,0,74.60543668377278
680,76.0,4.6075,18.0316,9.1634,7.0492,34.993,69.5,0,0,0,0,1,0,0,0,0,0,1,0,69.6274023653763
681,72.0,4.6567,18.2515,9.4291,5.7987,34.9982,69.5,0,0,0,0,1,0,0,0,0,0,1,0,74.08182249317477
682,65.0,4.4025,18.1917,9.6752,7.2582,35.0012,69.5,0,0,0,0,1,0,0,0,0,0,1,0,70.06164188498586
683,76.0,4.7633,17.2272,9.4259,6.2248,35.0033,69.5,0,0,0,0,1,0,0,0,0,0,1,0,73.02368837976985
684,72.0,4.6108,18.5876,9.7736,6.1358,35.0067,65.5,0,1,0,0,0,0,0,1,0,0,0,0,71.41517688538491
685,73.0,4.7217,16.5732,9.3077,6.1716,35.0084,69.5,0,0,0,0,1,0,0,0,0,0,1,0,71.58950282060907
686,74.0,4.5517,16.9396,9.521,6.9533,35.0118,69.5,0,0,0,0,1,0,0,0,0,0,1,0,69.9726854020323
687,72.0,4.6755,18.7862,9.8712,6.3632,35.0126,69.5,0,0,0,0,1,0,0,0,0,0,1,0,75.64887630969707
688,71.0,4.7117,19.353,9.895,5.9552,35.0238,69.5,0,0,0,0,1,0,0,0,0,0,1,0,77.1614403125319
689,30.0,3.4533,16.2129,7.7592,7.5169,35.0238,27.5,1,0,0,0,0,0,1,0,0,0,0,0,42.30688804751503
690,74.0,4.5775,17.2639,9.6129,5.9126,35.0306,69.5,0,0,0,0,1,0,0,0,0,0,1,0,73.21167513061405
691,74.0,4.3864,16.408,9.3271,6.1015,35.034,69.5,0,0,0,0,1,0,0,0,0,0,1,0,69.25324802748521
692,73.0,4.7658,16.9511,9.7835,6.0244,35.0357,69.5,0,0,0,0,1,0,0,0,0,0,1,0,74.71512428288244
693,73.0,4.6475,17.7671,9.7146,6.8428,35.0374,69.5,0,0,0,0,1,0,0,0,0,0,1,0,72.74145723124323
694,71.0,4.3975,17.6699,9.3373,7.2864,35.0374,69.5,0,0,0,0,1,0,0,0,0,0,1,0,67.89181251541025
695,71.0,4.4575,17.2442,9.4685,6.5525,35.0408,69.5,0,0,0,0,1,0,0,0,0,0,1,0,70.35755962404998
696,71.0,4.525,17.2098,9.5932,6.4142,35.0442,69.5,0,0,0,0,1,0,0,0,0,0,1,0,71.71779200283306
697,71.0,4.5033,15.712,9.6982,6.3878,35.0461,69.5,0,0,0,0,1,0,0,0,0,0,1,0,70.42958102388518
698,70.0,4.3145,17.2809,9.5025,6.4538,35.0498,69.5,0,0,0,0,1,0,0,0,0,0,1,0,69.70305984563217
699,70.0,4.5283,16.9142,9.2946,6.1953,35.0511,69.5,0,0,0,0,1,0,0,0,0,0,1,0,70.51299266754361
700,73.0,4.3592,17.1486,9.9081,6.4972,35.0562,69.5,0,0,0,0,1,0,0,0,0,0,1,0,71.6306724047208
701,71.0,4.5442,18.4256,9.6096,6.3159,35.0579,69.5,0,0,0,0,1,0,0,0,0,0,1,0,73.39446485088762
702,70.0,4.531,15.5928,9.6732,6.3413,35.0606,69.5,0,0,0,0,1,0,0,0,0,0,1,0,70.49493637517439
703,72.0,4.5908,17.9924,9.3471,6.3049,35.0647,69.5,0,0,0,0,1,0,0,0,0,0,1,0,72.13111357631524
704,72.0,4.3933,18.4033,9.3635,6.4511,35.0647,69.5,0,0,0,0,1,0,0,0,0,0,1,0,70.8446892226026
705,72.0,4.4917,19.2786,9.4226,6.8942,35.0681,69.5,0,0,0,0,1,0,0,0,0,0,1,0,71.67450073280476
706,71.0,4.6533,17.682,9.6129,5.9516,35.0852,69.5,0,0,0,0,1,0,0,0,0,0,1,0,74.1307544258069
707,71.0,4.6358,17.8823,9.9049,6.4563,35.0903,69.5,0,0,0,0,1,0,0,0,0,0,1,0,74.5157094585598
708,73.0,4.5142,15.7324,9.5276,6.5516,35.0903,69.5,0,0,0,0,1,0,0,0,0,0,1,0,69.40134387908286
709,74.0,4.4808,16.5148,9.9147,6.1088,35.0908,69.5,0,0,0,0,1,0,0,0,0,0,1,0,72.7277736125829
710,74.0,4.4217,17.6206,9.4554,6.336,35.092,69.5,0,0,0,0,1,0,0,0,0,0,1,0,70.96086560147366
711,71.0,4.5,18.574,9.79,7.0558,35.104,69.5,0,0,0,0,1,0,0,0,0,0,1,0,72.30583426395899
712,71.0,4.44,16.6721,9.5276,6.1517,35.1118,69.5,0,0,0,0,1,0,0,0,0,0,1,0,70.82698972210022
713,71.0,4.3183,17.5906,9.4849,6.4033,35.1296,69.5,0,0,0,0,1,0,0,0,0,0,1,0,70.15556666552627
714,68.0,3.9625,17.9982,10.899,8.4273,35.1318,65.5,0,1,0,0,0,0,0,1,0,0,0,0,64.86702545678665
715,72.0,4.4808,17.0579,9.6522,6.4383,35.1364,69.5,0,0,0,0,1,0,0,0,0,0,1,0,71.51174447204113
716,71.0,4.5092,17.0644,9.5046,6.3121,35.1398,69.5,0,0,0,0,1,0,0,0,0,0,1,0,71.33552275731235
717,74.0,4.7708,19.916,9.6326,6.4051,35.1432,69.5,0,0,0,0,1,0,0,0,0,0,1,0,76.30931053330482
718,70.0,4.3367,16.5928,9.7014,6.3649,35.1467,69.5,0,0,0,0,1,0,0,0,0,0,1,0,70.32026932376384
719,71.0,4.3967,16.543,9.4816,6.3737,35.1467,69.5,0,0,0,0,1,0,0,0,0,0,1,0,69.68987958227164
720,69.0,4.5217,17.4767,9.8556,6.6673,35.1484,69.5,0,0,0,0,1,0,0,0,0,0,1,0,72.63875381824074
721,70.0,4.4992,17.2013,9.3471,6.7142,35.1522,69.5,0,0,0,0,1,0,0,0,0,0,1,0,69.74812049775333
722,73.0,4.6075,17.5259,9.5735,6.1918,35.1597,69.5,0,0,0,0,1,0,0,0,0,0,1,0,73.10510639989093
723,72.0,4.37,17.2712,9.4259,6.4903,35.162,69.5,0,0,0,0,1,0,0,0,0,0,1,0,69.761326396642
724,71.0,4.7209,17.7398,9.3522,6.21,35.1764,69.5,0,0,0,0,1,0,0,0,0,0,1,0,73.08394200085714
725,73.0,4.53,16.8445,9.8261,6.5707,35.1808,69.5,0,0,0,0,1,0,0,0,0,0,1,0,72.14805311548315
726,71.0,4.655,18.6515,9.8261,6.5124,35.1825,69.5,0,0,0,0,1,0,0,0,0,0,1,0,75.01747448106404
727,70.0,4.4208,15.1133,9.9836,6.2484,35.1839,69.5,0,0,0,0,1,0,0,0,0,0,1,0,70.79764487502554
728,73.0,4.295,17.665,9.7572,6.6949,35.1893,69.5,0,0,0,0,1,0,0,0,0,0,1,0,70.64250925651929
729,71.0,4.345,16.5138,9.4193,6.2481,35.2007,69.5,0,0,0,0,1,0,0,0,0,0,1,0,69.30076158423314
730,71.0,4.6033,16.8057,9.3996,6.8231,35.2025,69.5,0,0,0,0,1,0,0,0,0,0,1,0,70.1094648631069
731,73.0,4.4992,17.4279,9.544,6.1894,35.2047,69.5,0,0,0,0,1,0,0,0,0,0,1,0,72.13327194471903
732,71.0,4.2417,17.8168,9.4062,6.5503,35.2064,69.5,0,0,0,0,1,0,0,0,0,0,1,0,69.13864469609585
733,69.0,4.52,18.4145,9.4023,6.8311,35.2081,69.5,0,0,0,0,1,0,0,0,0,0,1,0,71.19875395989243
734,73.0,4.4117,16.2354,9.6129,6.2419,35.2115,69.5,0,0,0,0,1,0,0,0,0,0,1,0,70.41008202122686
735,74.0,4.7167,18.5941,9.5669,6.1884,35.2132,69.5,0,0,0,0,1,0,0,0,0,0,1,0,74.93214638497827
736,69.0,4.2708,17.6699,9.5374,6.975,35.2132,69.5,0,0,0,0,1,0,0,0,0,0,1,0,68.76569183936111
737,74.0,4.64,16.0562,9.5177,6.1937,35.2149,69.5,0,0,0,0,1,0,0,0,0,0,1,0,71.52598459885017
738,72.0,4.4658,17.8559,9.4127,6.2955,35.2166,69.5,0,0,0,0,1,0,0,0,0,0,1,0,71.51830702225058
739,71.0,4.3375,18.727,9.311,7.0905,35.2303,69.5,0,0,0,0,1,0,0,0,0,0,1,0,69.04482615606464
740,71.0,4.3908,18.9355,9.7441,6.7746,35.2354,69.5,0,0,0,0,1,0,0,0,0,0,1,0,72.43405330722642
741,73.0,4.4283,18.2178,9.7441,6.4806,35.2371,69.5,0,0,0,0,1,0,0,0,0,0,1,0,72.7086254997988
742,77.0,4.6342,16.7196,9.7146,6.2841,35.2405,69.5,0,0,0,0,1,0,0,0,0,0,1,0,72.94154113764998
743,78.0,4.6909,18.1311,9.6099,5.9365,35.2453,69.5,0,0,0,0,1,0,0,0,0,0,1,0,74.95006452791539
744,72.0,4.5427,16.3318,9.4918,6.1344,35.2528,69.5,0,0,0,0,1,0,0,0,0,0,1,0,71.17564518172759
745,70.0,4.6658,18.167,9.7736,6.2786,35.2559,65.5,0,1,0,0,0,0,0,1,0,0,0,0,71.2896476927735
746,71.0,4.3175,15.2103,9.5472,6.3932,35.2559,69.5,0,0,0,0,1,0,0,0,0,0,1,0,67.92025709509399
747,72.0,4.615,17.6385,9.6326,6.3766,35.2565,69.5,0,0,0,0,1,0,0,0,0,0,1,0,73.2356472313399
748,70.0,4.5308,18.5623,9.4226,6.5678,35.2634,69.5,0,0,0,0,1,0,0,0,0,0,1,0,72.19241289120038
749,73.0,4.6175,19.4142,9.4062,6.2074,35.2661,69.5,0,0,0,0,1,0,0,0,0,0,1,0,74.30602265575692
750,72.0,4.3492,18.3002,9.6883,5.9053,35.2695,65.5,0,1,0,0,0,0,0,1,0,0,0,0,69.43735018833489
751,72.0,4.6942,18.8676,9.4291,6.4966,35.277,69.5,0,0,0,0,1,0,0,0,0,0,1,0,73.86222692793365
752,71.0,4.6725,17.5715,10.0,6.0035,35.288,69.5,0,0,0,0,1,0,0,0,0,0,1,0,75.81682848805704
753,71.0,4.5575,17.8586,9.7868,6.6712,35.29,69.5,0,0,0,0,1,0,0,0,0,0,1,0,73.09338375138803
754,70.0,4.3955,16.0497,9.6349,6.1907,35.2919,69.5,0,0,0,0,1,0,0,0,0,0,1,0,70.35388278572962
755,70.0,4.24,17.6287,9.6278,6.711,35.3049,69.5,0,0,0,0,1,0,0,0,0,0,1,0,69.63532964106061
756,74.0,4.4642,18.4144,9.4587,6.8175,35.3124,69.5,0,0,0,0,1,0,0,0,0,0,1,0,71.1497836592898
757,72.0,4.5258,18.5997,9.521,6.6983,35.3242,65.5,0,1,0,0,0,0,0,1,0,0,0,0,68.74437119729834
758,72.0,4.3542,17.1249,9.8425,6.2061,35.3289,69.5,0,0,0,0,1,0,0,0,0,0,1,0,72.12159254112734
759,73.0,4.4727,18.6497,9.5455,6.9649,35.3366,69.5,0,0,0,0,1,0,0,0,0,0,1,0,71.49415209634951
760,67.0,4.5175,17.6474,10.0099,6.0018,35.3412,65.5,0,1,0,0,0,0,0,1,0,0,0,0,71.20211953190535
761,69.0,4.3382,16.6052,9.8461,6.5552,35.3422,69.5,0,0,0,0,1,0,0,0,0,0,1,0,70.69455184864388
763,71.0,4.5,17.0926,9.4226,6.2992,35.3941,69.5,0,0,0,0,1,0,0,0,0,0,1,0,71.13734738490732
764,71.0,4.6817,18.5638,9.9869,6.4995,35.401,69.5,0,0,0,0,1,0,0,0,0,0,1,0,75.9636612346817
765,71.0,4.5236,17.2954,9.8676,6.5358,35.4017,69.5,0,0,0,0,1,0,0,0,0,0,1,0,73.00477674503861
766,72.0,4.4292,16.1234,9.8327,6.3743,35.4027,69.5,0,0,0,0,1,0,0,0,0,0,1,0,71.24876621560819
767,73.0,4.5158,16.7982,9.4324,6.7604,35.4146,69.5,0,0,0,0,1,0,0,0,0,0,1,0,69.91745441310145
768,71.0,4.3358,15.6328,9.7408,6.2083,35.4163,69.5,0,0,0,0,1,0,0,0,0,0,1,0,69.97269710604131
769,74.0,4.7583,17.5519,9.9049,6.4673,35.4166,69.5,0,0,0,0,1,0,0,0,0,0,1,0,75.24503858123772
770,69.0,4.3133,15.5989,9.7736,6.3829,35.4232,69.5,0,0,0,0,1,0,0,0,0,0,1,0,69.52356821943533
771,74.0,4.6175,17.7253,9.7408,6.8741,35.4232,69.5,0,0,0,0,1,0,0,0,0,0,1,0,72.80166438136564
772,75.0,4.7008,17.4467,9.4029,6.807,35.4408,69.5,0,0,0,0,1,0,0,0,0,0,1,0,71.75668188183586
773,73.0,4.6042,18.187,9.8721,6.5545,35.4675,69.5,0,0,0,0,1,0,0,0,0,0,1,0,74.5194777790726
774,69.0,4.1858,17.1013,9.5374,6.5613,35.4709,69.5,0,0,0,0,1,0,0,0,0,0,1,0,68.72771382094183
775,68.0,4.2258,15.0973,9.8097,6.3868,35.4863,69.5,0,0,0,0,1,0,0,0,0,0,1,0,68.48528135361414
776,76.0,4.5975,19.4548,9.5735,6.3395,35.4874,69.5,0,0,0,0,1,0,0,0,0,0,1,0,74.84941098896027
777,72.0,4.32,18.7265,9.8753,6.9312,35.4948,69.5,0,0,0,0,1,0,0,0,0,0,1,0,72.04551921173574
778,70.0,4.4558,16.649,9.9475,6.3671,35.5092,69.5,0,0,0,0,1,0,0,0,0,0,1,0,72.61113034494029
779,73.0,4.3958,17.468,9.79,6.0636,35.5119,69.5,0,0,0,0,1,0,0,0,0,0,1,0,72.9719610380153
780,73.0,4.5525,17.5149,9.6063,6.4026,35.5135,69.5,0,0,0,0,1,0,0,0,0,0,1,0,72.67481631422295
782,73.0,4.3942,17.0022,9.7113,6.2483,35.5339,69.5,0,0,0,0,1,0,0,0,0,0,1,0,71.7842747579015
783,74.0,4.6225,18.5141,9.9934,6.7541,35.546,69.5,0,0,0,0,1,0,0,0,0,0,1,0,75.07187059317009
784,72.0,4.5025,16.4089,9.6096,6.4493,35.547,69.5,0,0,0,0,1,0,0,0,0,0,1,0,71.04774058403754
785,76.0,4.7517,18.9829,9.836,6.472,35.5712,69.5,0,0,0,0,1,0,0,0,0,0,1,0,76.39254412149539
786,70.0,4.2267,15.8311,9.6883,6.7218,35.5716,69.5,0,0,0,0,1,0,0,0,0,0,1,0,68.02588339362458
787,69.0,4.3375,16.3686,9.9606,6.8247,35.5749,69.5,0,0,0,0,1,0,0,0,0,0,1,0,70.43529207808572
788,69.0,4.4883,16.9829,10.0131,7.1806,35.6246,69.5,0,0,0,0,1,0,0,0,0,0,1,0,71.58105148789087
789,74.0,4.77,18.3695,9.4816,6.6024,35.6467,69.5,0,0,0,0,1,0,0,0,0,0,1,0,74.18476826036652
790,67.0,4.2417,16.8482,9.8425,6.5758,35.6758,69.5,0,0,0,0,1,0,0,0,0,0,1,0,70.39521390421234
791,72.0,4.2909,17.3797,9.4989,6.5793,35.6792,69.5,0,0,0,0,1,0,0,0,0,0,1,0,69.7846580146647
792,61.0,4.5733,14.854,8.5663,6.7223,35.686,59.5,0,0,0,1,0,0,0,0,0,1,0,0,62.17343493153225
793,75.0,4.4892,17.4176,9.7736,6.6705,35.698,69.5,0,0,0,0,1,0,0,0,0,0,1,0,72.3734896121942
794,74.0,4.6992,17.309,9.9278,6.6304,35.7164,69.5,0,0,0,0,1,0,0,0,0,0,1,0,74.54400533613774
795,70.0,4.0683,16.7442,10.1017,6.6061,35.7183,69.5,0,0,0,0,1,0,0,0,0,0,1,0,69.98570504738512
796,75.0,4.5683,18.958,9.7966,7.0656,35.756,69.5,0,0,0,0,1,0,0,0,0,0,1,0,73.66231223987906
797,75.0,4.31,16.8062,9.7343,6.5404,35.776,69.5,0,0,0,0,1,0,0,0,0,0,1,0,70.55845886135651
798,71.0,4.3567,17.6282,9.8032,6.3974,35.7833,69.5,0,0,0,0,1,0,0,0,0,0,1,0,72.41777765695724
799,67.0,4.3692,17.9515,9.9114,7.0478,35.7928,69.5,0,0,0,0,1,0,0,0,0,0,1,0,71.72361203815105
800,73.0,4.6175,20.3457,9.7999,6.7939,35.7987,69.5,0,0,0,0,1,0,0,0,0,0,1,0,75.97439559329605
801,71.0,4.3675,16.3075,9.7572,6.4634,35.8345,69.5,0,0,0,0,1,0,0,0,0,0,1,0,70.77688483798181
802,73.0,4.4282,17.4487,10.0644,6.5971,35.8617,69.5,0,0,0,0,1,0,0,0,0,0,1,0,73.4740781786104
803,74.0,4.6558,18.0531,9.8589,6.3305,35.8755,69.5,0,0,0,0,1,0,0,0,0,0,1,0,75.45076277556258
804,74.0,4.52,20.5042,9.7996,7.1177,35.8784,69.5,0,0,0,0,1,0,0,0,0,0,1,0,74.66234006065748
805,75.0,4.5158,18.8045,9.7769,6.1865,35.8914,69.5,0,0,0,0,1,0,0,0,0,0,1,0,75.1251325809722
806,70.0,4.1942,16.4152,9.918,6.4254,35.897,69.5,0,0,0,0,1,0,0,0,0,0,1,0,70.41001382442904
807,66.0,4.5575,16.4685,8.6516,6.555,35.9305,59.5,0,0,0,1,0,0,0,0,0,1,0,0,64.7977530350205
808,77.0,4.6408,17.2908,10.0361,6.8597,36.041,69.5,0,0,0,0,1,0,0,0,0,0,1,0,74.24580338583311
809,72.0,4.7382,17.9926,9.3307,5.8538,36.239,69.5,0,0,0,0,1,0,0,0,0,0,1,0,74.7343861959509
810,84.0,4.6208,19.8409,11.5945,6.2244,36.3995,65.5,0,1,0,0,0,0,0,1,0,0,0,0,78.90024151840171
811,69.0,4.6067,15.6977,9.1634,5.693,36.437,69.5,0,0,0,0,1,0,0,0,0,0,1,0,71.08639124238373
