,tsi,stfi,caliper,moisture,basisweight,cull,rct,prediction
0,4.06,19.15,10.82,7.06,26.16,119.5,122.0,105.02997380294204
1,4.56,19.81,10.6,6.74,34.89,69.5,76.0,82.95066365259939
2,4.6,19.3,10.64,7.14,35.26,69.5,74.0,82.96447229816047
3,4.63,20.11,10.53,7.04,35.28,69.5,77.0,82.96345388640998
4,4.71,20.25,10.61,6.8,35.34,69.5,76.0,83.23341920329725
5,4.74,17.519999999999996,11.25,6.35,36.37,69.5,83.0,84.6688653557446
6,4.52,20.51,10.11,7.82,36.81,69.5,73.0,84.56242745985432
7,4.75,19.69,10.06,6.79,36.9,69.5,76.0,83.2686093011173
8,4.57,20.76,9.92,7.65,36.92,69.5,71.0,84.01318618107621
9,4.61,21.42,10.37,7.43,37.58,69.5,72.0,83.90119648816463
10,4.6,21.3,10.54,7.07,38.03,69.5,78.0,83.5081763488173
11,4.59,18.57,11.96,6.17,38.22,69.5,85.0,85.67779438207128
12,4.77,18.14,11.72,6.86,38.44,69.5,86.0,84.36024097564868
13,4.7,22.18,10.92,6.07,38.57,89.5,87.0,93.88903423514338
14,4.76,20.44,12.14,6.2,39.49,69.5,88.0,86.51527796446771
15,3.93,19.47,10.58,7.09,39.73,119.5,127.0,108.00561680600875
16,4.97,20.09,11.74,4.48,40.13,89.5,97.0,106.27167931725184
17,5.08,23.34,11.23,6.25,40.51,89.5,92.0,96.86107053091513
18,4.21,19.7,12.3,6.67,40.59,69.5,77.0,85.89697158861716
19,4.43,21.56,12.17,5.72,40.61,89.5,96.0,96.56803993812692
20,4.83,21.94,11.16,7.21,40.73,69.5,88.0,85.17404164709188
21,5.08,22.61,11.3,6.56,40.8,89.5,89.0,95.96876811846775
22,5.03,25.03,11.4,6.32,40.82,89.5,93.0,96.87569334023058
23,5.18,23.5,11.26,6.76,40.97,89.5,94.0,97.29179881800835
24,5.19,24.24,11.41,5.94,40.98,89.5,96.0,99.8989339887866
25,5.02,24.54,11.03,6.5,40.98,89.5,98.0,95.98326484200352
26,5.42,26.11,11.27,6.71,41.09,89.5,97.0,102.08209683479058
27,4.99,21.07,11.99,6.31,41.15,89.5,90.0,95.80578354867296
28,5.25,25.91,11.4,6.67,41.2,89.5,94.0,99.48962875802636
29,5.05,21.72,12.21,5.99,41.3,89.5,93.0,98.06180299303874
30,4.91,21.87,11.98,6.55,41.31,89.5,96.0,94.65173262787815
31,4.94,22.93,12.02,6.33,41.32,89.5,95.0,95.80007243120863
32,4.97,22.84,12.65,6.58,41.35,89.5,96.0,95.81112251084548
33,5.07,25.08,11.3,6.92,41.4,89.5,94.0,96.56408244520162
34,4.67,22.36,11.59,6.58,41.4,89.5,88.0,93.22170270442044
35,5.19,25.56,11.45,6.99,41.42,89.5,95.0,98.43782556732819
36,5.01,23.62,11.43,6.41,41.49,89.5,92.0,96.10931725628255
37,4.8,21.26,12.12,6.25,41.49,89.5,92.0,94.88021460318913
38,4.73,22.37,12.05,6.42,41.5,89.5,94.0,94.14828631855467
39,4.8,23.83,12.41,6.33,41.51,89.5,92.0,95.42661982680056
40,5.13,25.79,11.34,6.86,41.51,89.5,97.0,97.71913393777334
41,4.82,21.54,11.96,6.79,41.52,89.5,93.0,93.62375848641743
42,4.89,21.45,12.1,6.74,41.53,89.5,91.0,94.21811388610018
43,5.08,24.25,11.7,6.26,41.56,89.5,93.0,97.70637159474805
44,4.71,21.99,12.26,6.38,41.57,89.5,92.0,94.29950460686794
45,4.73,23.57,11.98,7.02,41.57,119.5,90.0,110.32807269690545
46,4.8,22.52,11.97,6.74,41.58,89.5,93.0,93.8085391295156
47,3.64,18.21,12.44,6.79,41.58,89.5,85.0,97.31566113657425
48,5.03,22.64,12.09,6.36,41.58,89.5,92.0,96.5823109471414
49,5.17,23.8,11.3,6.44,41.58,89.5,94.0,97.92929260686526
50,5.02,23.28,12.53,5.66,41.62,119.5,95.0,116.11709230662133
51,4.78,21.6,12.56,6.05,41.63,89.5,94.0,96.12934660098982
52,4.6,22.59,12.14,6.41,41.67,119.5,83.0,111.2357200038905
53,4.79,21.9,12.15,6.68,41.69,89.5,93.0,93.84820651610008
54,5.13,24.49,11.43,6.25,41.71,89.5,94.0,98.29777859623682
55,5.07,23.12,11.5,6.37,41.72,89.5,94.0,96.81174701988846
56,4.96,25.59,11.55,6.55,41.73,89.5,96.0,96.18025340608185
57,4.06,20.6,12.46,6.3,41.74,89.5,86.0,95.72136064678017
58,5.05,23.86,11.48,6.67,41.74,89.5,93.0,96.20879428639326
59,4.82,23.46,11.35,6.39,41.74,89.5,94.0,94.56593030408968
60,4.89,21.16,12.27,6.13,41.76,89.5,97.0,96.09655227643529
61,4.88,23.74,12.04,7.12,41.76,89.5,94.0,94.67290703392527
62,5.27,24.72,11.62,6.28,41.78,89.5,94.0,100.22762513568136
63,4.68,22.53,13.11,5.93,41.79,89.5,94.0,97.10258105627797
64,5.19,26.12,11.42,6.48,41.8,89.5,99.0,99.20696327251449
65,4.54,19.69,13.33,6.6,41.82,89.5,92.0,94.16670273038088
66,4.86,22.19,12.57,6.42,41.85,89.5,95.0,95.26757229954131
67,5.22,25.05,11.61,6.24,41.85,89.5,98.0,99.82240871367871
68,4.98,22.82,12.6,6.17,41.89,89.5,93.0,97.32398695319468
69,4.96,24.06,11.52,6.48,41.95,89.5,96.0,95.77044148304027
70,4.97,24.11,11.48,6.43,42.04,89.5,97.0,96.01407662797385
71,4.8,22.29,12.52,6.48,42.09,89.5,90.0,94.78686404835602
72,4.83,24.35,11.69,6.72,42.14,89.5,96.0,94.5491774855075
73,5.06,23.92,11.69,6.4,42.16,89.5,98.0,97.1183785200286
74,4.63,21.71,12.37,6.61,42.18,89.5,94.0,93.71771819873018
75,4.96,22.69,11.67,6.32,42.19,89.5,98.0,95.95898115710429
76,4.74,24.34,11.59,6.71,42.21,89.5,98.0,94.03900654956834
77,5.19,25.14,11.52,6.53,42.22,89.5,99.0,98.87019477646643
78,4.6,22.39,12.6,6.39,42.28,89.5,100.0,94.56796687731378
79,4.78,21.36,13.5,6.24,42.29,89.5,94.0,96.24709765976152
80,4.72,25.65,11.6,6.33,42.39,89.5,100.0,95.35307986646183
81,4.37,22.04,12.6,6.57,42.4,89.5,91.0,94.34418025633326
82,4.99,23.8,11.6,6.83,42.4,89.5,92.0,95.63356757264953
83,5.18,25.89,11.77,6.76,42.44,89.5,99.0,99.01289832109252
84,4.73,22.84,13.41,6.67,42.51,89.5,93.0,95.07747982487402
85,5.11,24.5,11.89,6.31,42.53,89.5,99.0,98.40714378342015
86,4.61,18.98,12.69,7.01,42.54,89.5,91.0,93.2879785058764
87,4.66,21.5,13.53,6.32,42.55,89.5,92.0,95.66173737175743
88,4.25,19.07,12.57,7.27,42.56,89.5,87.0,94.10418677169991
89,4.93,25.66,11.75,7.29,42.7,89.5,96.0,96.17035856329909
90,5.21,23.05,11.86,6.34,42.71,89.5,97.0,99.11020918698732
91,4.97,25.08,11.55,7.3,42.77,89.5,94.0,96.21852254006046
92,4.73,25.06,11.67,6.84,42.79,89.5,96.0,94.37781605189494
93,5.09,24.3,12.07,6.44,42.86,89.5,98.0,97.94895794172125
94,5.07,24.01,12.01,6.35,42.92,89.5,99.0,97.83898840261755
95,4.82,24.54,12.19,7.25,42.93,89.5,94.0,95.14726698552698
96,4.69,17.96,13.83,6.34,42.96,89.5,93.0,95.64102479170212
97,4.67,20.88,12.63,6.67,43.05,89.5,93.0,93.98416760668289
98,5.01,24.85,12.36,6.87,43.17,89.5,92.0,96.89720617691555
99,4.82,24.67,11.79,7.35,43.21,89.5,96.0,95.20633180566216
100,5.01,21.9,12.63,6.28,43.24,89.5,98.0,97.33163470910752
101,5.09,24.35,12.02,6.91,43.28,89.5,101.0,97.46347207212612
102,4.84,24.89,11.8,6.77,43.29,89.5,98.0,95.17472386988561
103,4.93,24.74,12.11,6.45,43.31,89.5,99.0,96.59066681614897
104,5.09,23.04,12.14,6.71,43.46,89.5,99.0,97.25434504712663
105,4.91,24.78,12.31,6.77,43.56,89.5,94.0,96.06043811859206
106,4.67,20.61,13.12,6.09,43.93,89.5,94.0,96.47184169766608
107,4.3,20.99,12.98,6.91,44.02,89.5,93.0,94.90493175955962
108,4.98,25.25,12.27,6.93,44.08,89.5,99.0,96.9916208549434
109,4.98,22.93,12.64,6.57,44.16,89.5,101.0,96.78832689952498
110,4.91,25.14,12.61,6.6,44.23,89.5,102.0,96.87505161554694
111,4.88,24.82,12.52,6.97,44.44,89.5,93.0,96.1782760343271
112,4.98,25.48,12.17,6.91,44.61,89.5,102.0,97.23260849586785
113,4.85,32.17,15.26,8.16,45.21,119.5,121.0,120.08637582250358
114,4.94,25.67,13.01,6.31,45.29,89.5,96.0,98.85877197563337
115,4.86,25.05,11.56,6.69,45.83,89.5,99.0,96.21760757561485
116,4.9,23.18,13.5,6.95,45.92,89.5,100.0,97.06037250251384
117,4.55,21.92,13.78,6.43,45.95,89.5,100.0,96.54189407240722
118,5.09,25.26,12.71,6.36,45.96,89.5,105.0,100.11854065467736
119,4.84,31.08,15.55,8.26,45.99,119.5,130.0,120.30526899168683
120,5.15,30.0,14.86,6.41,47.75,119.5,127.0,123.43589061909438
121,5.08,26.56,13.78,6.37,47.88,89.5,110.0,102.28614990282499
122,4.22,26.41,14.32,6.35,47.93,119.5,125.0,117.26225766787378
123,4.88,25.65,14.41,6.44,48.08,89.5,108.0,100.32183750639823
124,4.8,28.89,14.44,6.38,48.29,119.5,124.0,120.19370006646594
125,5.17,27.56,14.04,6.34,48.39,89.5,116.0,104.54688357189347
126,4.29,26.8,15.27,6.09,48.46,119.5,120.0,119.37179295666266
127,4.84,25.98,13.57,6.82,48.54,89.5,107.0,98.84123867509713
128,4.72,28.45,13.75,7.58,48.8,89.5,108.0,100.75570608225294
129,5.18,25.35,14.55,6.6,49.67,89.5,100.0,103.96554660993607
130,4.84,27.0,15.64,6.42,49.77,89.5,117.0,102.95141455968343
131,4.62,25.27,15.84,6.15,50.26,89.5,110.0,102.63576580598456
132,4.88,33.3,15.85,7.93,50.31,119.5,126.0,124.00619388452881
133,5.34,30.32,14.93,5.53,50.77,119.5,122.0,128.35331324976508
134,4.75,26.09,15.82,6.16,50.9,119.5,127.0,122.37237627680494
135,4.77,28.11,15.23,6.42,50.96,119.5,125.0,121.94297378663046
136,5.13,27.63,15.48,5.95,51.0,119.5,120.0,125.74387387702255
137,5.01,28.17,14.46,6.06,51.11,119.5,126.0,123.51618901455461
138,4.86,28.57,14.47,5.95,51.19,119.5,125.0,123.19824974423365
139,5.02,24.95,14.33,5.73,51.2,119.5,131.0,123.00480495768643
140,5.31,27.61,15.05,5.67,51.26,119.5,129.0,127.2577108294754
141,5.22,29.02,14.78,6.35,51.3,119.5,125.0,125.4083221339081
142,5.23,28.91,14.8,5.88,51.31,119.5,134.0,126.39940718774562
143,5.03,26.21,14.51,5.49,51.35,119.5,129.0,124.74488374971233
144,4.93,27.09,14.69,5.63,51.35,119.5,127.0,124.31695857610175
145,4.68,26.34,15.33,5.96,51.35,119.5,121.0,122.40550818511967
146,4.9,26.79,14.43,5.95,51.38,119.5,124.0,122.5820864170463
147,5.01,27.23,14.53,5.83,51.4,119.5,125.0,124.0105007750702
148,4.76,26.68,14.62,5.84,51.4,119.5,125.0,122.41438383885516
149,4.88,28.38,14.06,6.44,51.42,119.5,123.0,121.39896648540103
150,5.08,29.38,15.05,6.08,51.43,119.5,124.0,125.52766813494576
151,5.38,28.55,15.1,5.63,51.44,119.5,130.0,128.30567189888484
152,4.55,26.47,15.55,5.79,51.44,119.5,121.0,122.7335434609893
153,5.09,27.94,14.96,6.0,51.44,119.5,126.0,124.98468157302042
154,4.65,21.32,14.02,6.17,51.46,119.5,117.0,117.72971332012034
155,5.16,29.66,15.21,5.76,51.46,119.5,125.0,127.24025211430262
156,5.26,27.81,14.82,5.81,51.49,119.5,134.0,126.44025347562841
157,5.14,29.25,15.42,5.94,51.49,119.5,134.0,126.76995399857519
158,4.79,18.83,15.42,6.12,51.49,119.5,116.0,118.87967047538287
159,5.37,28.66,15.18,5.87,51.51,119.5,126.0,127.87660174072444
160,4.96,27.85,14.7,5.55,51.52,119.5,125.0,125.17581666276665
161,4.78,18.69,15.63,5.48,51.53,119.5,122.0,121.54497090809605
162,5.12,27.63,15.21,5.59,51.53,119.5,125.0,126.68937297863486
163,5.15,29.45,14.72,5.98,51.54,119.5,127.0,125.8827830200066
164,5.33,26.58,15.24,5.72,51.55,119.5,129.0,127.26376884231038
165,5.15,29.61,14.91,6.52,51.56,119.5,123.0,125.15724679151985
166,4.94,27.37,15.45,6.04,51.56,119.5,124.0,124.36061864608982
167,5.21,30.03,15.35,6.18,51.57,119.5,122.0,126.99440117510066
168,5.32,29.96,14.87,5.5,51.58,119.5,129.0,128.52173719134194
169,4.73,26.87,15.37,5.91,51.59,119.5,127.0,123.26226583342243
170,5.06,29.72,15.3,6.15,51.6,119.5,123.0,125.83134118697933
171,5.24,28.94,14.84,5.97,51.62,119.5,126.0,126.4955496126045
172,4.9,26.95,15.3,6.07,51.63,119.5,125.0,123.62247292821814
173,5.02,27.75,14.64,5.52,51.63,119.5,125.0,125.54756585261538
174,4.98,25.5,14.54,5.83,51.64,119.5,127.0,123.16141360597679
175,5.19,28.92,14.18,6.07,51.64,119.5,133.0,125.06350062089686
176,4.98,28.6,15.46,5.75,51.64,119.5,126.0,126.21024205777746
177,5.01,26.25,14.61,6.01,51.66,119.5,123.0,123.22560723622738
178,4.9,29.38,14.37,6.38,51.67,119.5,127.0,122.79009440546807
179,4.63,26.81,15.43,5.98,51.68,119.5,122.0,122.64024772842404
180,5.06,27.48,14.36,5.4,51.69,119.5,121.0,125.6490072639758
181,5.08,25.63,15.7,5.71,51.69,119.5,124.0,125.97710096987895
182,5.06,30.12,14.26,6.14,51.71,119.5,136.0,124.72808143617196
183,4.94,26.34,14.72,5.74,51.72,119.5,124.0,123.90511916061823
184,5.09,28.02,15.37,6.58,51.72,119.5,127.0,124.36145802816095
185,4.92,28.87,14.72,6.27,51.74,119.5,127.0,123.41970284410807
186,5.34,29.4,15.25,6.08,51.75,119.5,132.0,127.79150183788182
187,5.16,29.78,15.08,6.09,51.76,119.5,128.0,126.46222894217244
188,4.87,25.64,15.41,6.15,51.76,119.5,122.0,122.71598903250484
189,5.18,30.09,14.93,6.37,51.76,119.5,133.0,126.02797880772671
190,5.14,29.2,14.9,6.15,51.76,119.5,122.0,125.66510490942746
191,4.78,25.64,15.6,5.63,51.77,119.5,124.0,124.3151987852774
192,4.84,27.68,14.27,6.58,51.78,119.5,122.0,120.86685932065109
193,4.96,26.77,14.62,6.22,51.79,119.5,127.0,122.59222983961872
194,5.16,29.2,15.28,5.54,51.8,119.5,124.0,127.9436973057101
195,4.84,25.91,15.49,6.0,51.8,119.5,125.0,123.33765528490571
196,4.2,26.15,14.25,6.16,51.81,119.5,122.0,119.16940652048484
197,5.23,30.66,15.26,5.75,51.81,89.5,131.0,112.38208288206482
198,4.88,29.24,14.45,6.29,51.81,119.5,124.0,122.99987007020727
199,4.89,23.08,14.92,6.49,51.84,119.5,129.0,119.91028351364696
200,4.76,26.76,15.4,6.16,51.84,119.5,123.0,122.69289695514182
201,4.88,31.13,14.05,6.52,51.86,119.5,133.0,123.09119550064345
202,4.74,27.58,15.46,6.08,51.86,119.5,124.0,123.37965219063499
203,4.9,27.96,15.14,5.82,51.86,119.5,128.0,124.85619268587172
204,4.45,28.23,14.96,6.25,51.86,119.5,127.0,121.27070539634619
205,5.12,28.95,15.08,5.88,51.87,119.5,126.0,126.39473356463077
206,4.61,31.33,14.82,6.89,51.87,119.5,121.0,121.75044733688212
207,5.14,27.67,15.03,5.75,51.89,119.5,129.0,126.26721938017442
208,4.75,25.17,15.44,5.5,51.9,119.5,124.0,124.20533351059075
209,5.06,29.06,15.57,6.2,51.9,119.5,125.0,125.90113845113588
210,4.81,31.06,14.74,6.54,51.9,119.5,122.0,123.44816895702773
211,5.05,27.53,15.45,6.08,51.9,119.5,122.0,125.21992876352488
212,5.1,29.78,15.09,6.27,51.9,119.5,127.0,125.73913116204753
213,5.04,29.17,15.07,6.24,51.91,119.5,127.0,125.03975199225762
214,4.91,25.44,15.63,5.85,51.91,119.5,126.0,124.31250455755112
215,4.91,29.47,15.33,6.0,51.91,119.5,124.0,125.42136682987812
216,4.97,27.54,15.47,5.55,51.92,119.5,123.0,126.46618560447283
217,4.91,28.49,15.3,5.83,51.92,119.5,127.0,125.41021029874071
218,4.73,26.96,14.69,5.74,51.92,119.5,129.0,123.08149206881588
219,5.28,26.82,15.45,5.93,51.93,119.5,122.0,126.94316437372444
220,4.96,28.28,15.46,6.03,51.93,119.5,124.0,125.2045216059822
221,4.92,28.76,15.2,6.04,51.93,119.5,124.0,124.80676064718246
222,4.8,28.77,14.83,6.27,51.93,119.5,121.0,122.9029670771408
223,4.81,25.85,15.4,6.02,51.93,119.5,117.0,123.01184053540898
224,5.2,29.95,14.9,6.31,51.93,119.5,122.0,126.26916634362314
225,4.94,27.13,15.4,6.01,51.94,119.5,126.0,124.4743058007456
226,4.7,25.71,15.41,6.12,51.94,119.5,123.0,122.06546288514673
227,4.89,27.33,15.42,6.14,51.94,119.5,123.0,123.872279891743
228,5.16,28.2,15.55,6.16,51.94,119.5,125.0,126.27012658116959
229,4.86,28.08,15.53,5.57,51.95,119.5,123.0,126.09862837938435
230,5.06,25.82,15.04,5.78,51.95,119.5,126.0,124.87604047127074
231,5.1,28.86,15.4,6.13,51.95,119.5,127.0,126.04662144488888
232,5.04,27.4,15.49,6.31,51.96,119.5,125.0,124.52174084856955
233,4.86,29.18,14.46,6.69,51.96,119.5,121.0,121.95314287806018
234,4.88,24.65,16.32,5.97,51.97,119.5,126.0,124.28158579089398
235,5.31,30.48,14.93,6.21,51.97,119.5,130.0,127.56278645771827
236,5.42,28.61,15.23,6.2,51.97,119.5,133.0,127.96549180299908
237,5.17,29.1,15.55,6.17,51.97,119.5,123.0,126.77201245928235
238,5.04,28.98,15.24,6.33,51.98,119.5,125.0,124.98711253566718
239,5.01,28.57,15.73,6.18,51.98,119.5,120.0,125.63442041225565
240,4.78,31.27,14.41,6.94,51.99,119.5,122.0,122.1222632854141
241,5.13,29.97,15.4,6.59,51.99,119.5,126.0,125.90997852130046
242,4.96,27.87,15.61,5.92,52.0,119.5,121.0,125.60775774021262
243,5.02,26.54,15.46,6.12,52.0,119.5,116.0,124.45976641395657
244,4.7,27.95,15.91,6.74,52.0,119.5,121.0,122.22722366086956
245,4.91,29.12,15.41,5.78,52.0,119.5,127.0,126.0812464002933
246,5.16,30.42,15.35,6.49,52.0,119.5,128.0,126.49447327276472
247,5.27,30.42,15.21,6.07,52.02,119.5,127.0,127.85725336363849
248,4.94,27.72,14.57,6.36,52.02,119.5,122.0,122.63767695603914
249,4.62,23.49,15.09,6.31,52.03,119.5,126.0,119.72195080421594
250,5.38,30.24,15.45,6.11,52.04,119.5,129.0,128.781758516804
251,5.09,27.65,15.5,6.04,52.04,119.5,120.0,125.81909443470224
252,4.83,29.87,15.01,6.95,52.04,89.5,126.0,104.05694008300956
253,5.17,27.74,15.29,6.09,52.04,119.5,131.0,125.99931082889717
254,4.79,24.29,15.43,6.14,52.05,119.5,122.0,121.7927042862004
255,4.57,26.73,15.43,6.03,52.05,119.5,122.0,122.37146398129877
256,5.12,28.03,15.72,5.82,52.06,119.5,124.0,127.18056116612145
257,5.25,28.44,15.41,5.86,52.07,119.5,132.0,127.63122606667989
258,4.31,23.12,13.97,6.28,52.07,119.5,121.0,117.93348436517212
259,4.85,27.59,15.44,6.36,52.07,119.5,124.0,123.19093780507279
260,5.13,27.27,15.51,6.43,52.07,119.5,129.0,124.97144186092345
261,5.08,27.12,15.02,6.05,52.08,119.5,124.0,124.81338090144098
262,4.41,21.7,15.65,6.57,52.08,119.5,113.0,118.73821358398322
263,4.19,23.96,14.23,6.07,52.08,119.5,122.0,118.84674610723452
264,5.08,30.16,15.07,6.64,52.08,119.5,123.0,125.15776501981946
265,4.93,26.16,15.61,6.13,52.08,119.5,122.0,123.8838577419127
266,5.11,25.61,15.6,5.89,52.09,119.5,121.0,125.61871141234234
267,5.27,28.32,15.37,6.25,52.1,119.5,129.0,126.82430969829463
268,5.0,29.57,15.04,5.98,52.12,119.5,127.0,125.75723876517505
269,5.08,28.16,15.6,6.32,52.12,119.5,122.0,125.43517520291472
270,5.24,29.12,15.49,6.06,52.13,119.5,123.0,127.52544430302797
271,4.73,28.6,14.61,5.84,52.13,119.5,126.0,123.55321053225597
272,4.81,26.3,15.36,6.09,52.14,119.5,122.0,123.05924960874835
273,4.83,30.65,14.29,6.9,52.14,119.5,126.0,122.09367665015706
274,4.8,26.79,15.62,6.4,52.15,119.5,123.0,122.64474978643901
275,4.92,27.01,15.47,6.43,52.15,119.5,126.0,123.2108334978354
276,4.95,28.95,15.31,6.42,52.16,119.5,126.0,124.30694209183098
277,5.12,29.38,15.45,6.21,52.16,119.5,126.0,126.43630686048633
278,4.94,29.31,14.96,6.72,52.16,119.5,127.0,123.31134256645616
279,5.02,29.54,15.3,6.05,52.16,119.5,122.0,126.06255372340172
280,5.02,29.07,15.59,6.24,52.17,119.5,122.0,125.71042108884951
281,5.2,29.44,15.46,5.79,52.17,119.5,126.0,128.04583040030457
282,5.05,25.21,15.39,5.89,52.17,119.5,123.0,124.76080684297706
283,5.01,28.8,15.58,6.19,52.17,119.5,122.0,125.62305680074178
284,4.94,28.65,14.58,6.1,52.17,119.5,121.0,123.9503524701065
285,4.5,25.94,15.11,6.67,52.17,119.5,125.0,119.6875832934348
286,4.98,27.77,15.34,6.42,52.17,119.5,127.0,123.91128509154642
287,4.96,28.94,15.27,6.0,52.18,119.5,123.0,125.5010658798135
288,5.1,29.05,15.05,6.03,52.18,119.5,128.0,126.04242465596205
289,4.86,28.65,15.03,6.45,52.18,119.5,124.0,123.09182453955249
290,5.02,29.33,15.35,6.43,52.19,119.5,125.0,125.06531943731365
291,4.48,23.19,15.75,6.22,52.19,119.5,116.0,120.45058265866888
292,4.82,28.99,15.47,6.42,52.19,119.5,124.0,123.7390636708485
293,5.11,30.4,15.38,6.28,52.19,119.5,127.0,126.6564156642134
294,4.74,29.45,14.63,6.32,52.19,119.5,125.0,122.69524692093368
295,5.01,25.86,14.54,5.83,52.2,119.5,131.0,123.81676853359289
296,4.97,29.42,15.74,6.28,52.2,119.5,122.0,125.69060301386264
297,5.14,29.77,15.24,5.83,52.21,119.5,125.0,127.43411745125036
298,4.99,29.0,14.47,6.15,52.21,119.5,127.0,124.19511976681544
299,4.93,29.49,15.14,6.74,52.21,119.5,124.0,123.56299824220511
300,4.76,28.86,15.33,6.49,52.21,119.5,126.0,122.94647029768008
301,4.92,22.15,14.83,6.35,52.22,119.5,124.0,120.12408815285141
302,5.11,28.99,15.3,6.33,52.22,119.5,124.0,125.72702463206483
303,4.77,29.75,15.16,5.93,52.23,119.5,130.0,124.93010989820368
304,4.81,26.14,14.63,6.38,52.24,119.5,121.0,121.11003754123736
305,5.02,28.72,15.31,5.86,52.24,119.5,128.0,126.26573360753088
306,4.82,27.4,15.51,6.24,52.24,119.5,123.0,123.47332588920136
307,5.08,27.0,15.7,5.82,52.24,119.5,121.0,126.52745291933182
308,4.75,26.4,15.34,6.0,52.25,119.5,126.0,123.13089474434214
309,5.13,28.56,15.42,6.54,52.25,119.5,122.0,125.42093059619751
310,4.61,27.77,14.52,6.92,52.25,119.5,122.0,119.56078058165788
311,5.13,29.24,14.8,6.61,52.25,119.5,130.0,124.90023438612201
312,5.13,28.08,15.43,5.75,52.25,119.5,127.0,127.15539234012945
313,5.1,26.81,15.45,6.47,52.26,119.5,128.0,124.42659754319651
314,4.8,27.96,15.48,6.82,52.26,119.5,123.0,122.13534454320829
315,5.15,29.53,14.97,6.29,52.26,119.5,124.0,125.9832989935729
316,4.84,25.5,15.35,5.59,52.26,119.5,122.0,124.62327002788513
317,4.52,26.15,15.49,6.26,52.26,119.5,125.0,121.43570255560171
318,5.09,27.57,15.18,6.0,52.26,119.5,126.0,125.56877557277699
319,4.98,28.84,15.21,6.3,52.27,119.5,130.0,124.68718734889664
320,4.76,28.78,15.37,6.74,52.27,119.5,127.0,122.36868163233594
321,4.72,29.34,14.34,6.55,52.27,119.5,124.0,121.55186821473848
322,5.19,28.51,15.37,6.56,52.27,89.5,127.0,107.9968540961168
323,5.17,29.8,15.27,6.43,52.27,119.5,121.0,126.40477806061496
324,4.96,29.51,15.43,6.57,52.28,119.5,128.0,124.57231118915871
325,4.4,25.75,15.62,5.74,52.28,119.5,120.0,122.40001033388816
326,4.94,27.34,15.7,5.93,52.28,119.5,125.0,125.47181441055146
327,5.03,27.98,14.52,5.64,52.28,119.5,127.0,125.5013857488481
328,4.97,29.17,15.47,5.93,52.29,119.5,125.0,126.24144743512025
329,4.98,28.91,15.33,6.11,52.29,119.5,129.0,125.43052424939165
330,4.99,29.11,15.4,6.35,52.29,119.5,129.0,125.04691193637991
331,4.96,30.02,14.36,6.65,52.29,119.5,127.0,123.33640090141188
332,4.91,27.54,15.48,6.41,52.29,119.5,121.0,123.58181040667566
333,4.86,26.76,15.53,6.17,52.29,119.5,127.0,123.64156346815943
334,5.04,18.660000000000004,14.9,6.26,52.29,119.5,134.0,119.67881761016018
335,4.93,25.98,15.58,5.94,52.3,119.5,121.0,124.52261962621034
336,5.03,29.9,14.94,6.27,52.3,119.5,124.0,125.3373650826868
337,5.05,28.75,15.27,6.38,52.3,119.5,124.0,125.04094724357498
338,4.97,26.96,15.65,5.77,52.3,119.5,122.0,125.94665873068016
339,4.67,28.16,15.23,6.14,52.3,119.5,128.0,123.06158167307872
340,4.89,28.45,14.44,5.81,52.31,119.5,123.0,124.28322736589408
341,5.04,25.15,15.53,6.07,52.31,119.5,123.0,124.32524679904512
342,4.28,21.12,15.06,6.4,52.31,119.5,121.0,118.35753638559392
343,4.65,29.11,14.49,6.87,52.31,119.5,124.0,120.52667809110791
344,4.78,26.66,15.67,5.58,52.32,119.5,123.0,125.33136773123792
345,4.78,26.59,15.29,5.95,52.32,119.5,125.0,123.52242217788681
346,4.86,27.52,14.39,6.64,52.32,119.5,123.0,121.23318958666908
347,4.91,28.53,15.82,6.27,52.32,119.5,123.0,125.02679431716523
348,5.13,27.59,14.98,6.01,52.33,119.5,126.0,125.58868590943455
349,5.12,29.45,14.68,6.2,52.33,119.5,126.0,125.56694790930682
350,4.89,28.99,15.06,6.65,52.33,119.5,122.0,123.12802557515317
351,5.18,28.69,15.36,6.38,52.34,119.5,121.0,126.16554121554383
352,4.79,27.0,15.68,6.19,52.34,119.5,126.0,123.54868429461848
353,5.07,26.37,14.74,6.04,52.34,119.5,124.0,124.16655801364665
354,5.12,28.09,15.41,6.41,52.34,119.5,125.0,125.37920475443039
355,5.15,29.09,15.37,6.08,52.34,119.5,131.0,126.8024809121536
356,5.07,28.17,15.47,6.63,52.35,119.5,131.0,124.6660551237879
357,5.09,29.66,15.16,5.9,52.35,119.5,129.0,126.8620316880835
358,4.24,27.37,14.38,6.4,52.35,119.5,122.0,119.53459328700771
359,5.02,27.61,15.4,6.69,52.35,119.5,126.0,123.7435851936779
360,4.85,25.98,15.34,6.16,52.35,119.5,126.0,122.96869906813974
361,4.73,27.2,15.64,6.28,52.35,119.5,122.0,123.00641130625496
362,4.9,29.09,15.39,6.63,52.36,119.5,123.0,123.76098911969203
363,4.82,23.72,15.46,6.11,52.37,119.5,120.0,121.97379695198434
364,4.25,24.47,15.58,6.39,52.38,119.5,124.0,120.0630860435353
365,4.18,19.73,14.3,6.4,52.38,119.5,123.0,117.2469263205667
366,4.77,27.51,15.51,6.41,52.38,119.5,123.0,122.82048902124447
367,4.57,28.84,15.52,6.56,52.39,119.5,128.0,122.22354652665993
368,4.99,27.9,15.26,6.02,52.39,119.5,132.0,125.1970785805646
369,5.13,25.74,15.64,5.34,52.39,119.5,126.0,127.83589952975075
370,4.88,27.58,15.52,6.44,52.39,119.5,122.0,123.43855467782528
371,4.99,28.46,14.21,5.86,52.4,119.5,126.0,124.45451387333932
372,4.91,25.35,15.46,6.28,52.4,119.5,121.0,122.81379941413904
373,4.85,28.87,14.46,6.55,52.4,119.5,123.0,122.27159343355694
374,4.84,29.07,14.47,7.05,52.41,119.5,122.0,121.37814752299408
375,4.21,22.58,15.08,6.41,52.41,119.5,124.0,118.85555794420068
376,4.84,25.97,15.33,6.38,52.41,119.5,126.0,122.23362041610115
377,4.73,27.23,15.55,6.64,52.41,119.5,124.0,121.92474202295449
378,4.96,26.6,15.63,6.74,52.42,119.5,126.0,122.96398481388908
379,4.94,27.48,15.39,6.18,52.42,119.5,123.0,124.36478187137442
380,4.97,28.31,15.37,6.57,52.42,119.5,123.0,123.96710133376082
381,4.94,29.57,14.95,6.49,52.42,119.5,126.0,124.08732303719316
382,4.99,28.53,14.71,6.12,52.42,119.5,124.0,124.47189796093255
383,5.0,27.83,15.67,6.49,52.43,119.5,119.0,124.51882720556262
384,4.85,29.04,15.2,5.75,52.43,119.5,125.0,125.70852771799962
385,4.79,29.22,14.83,6.27,52.43,119.5,125.0,123.38167263629975
386,5.15,28.78,15.12,6.42,52.43,119.5,126.0,125.63973089797308
387,4.69,30.33,14.51,6.95,52.43,119.5,122.0,121.3554297468472
388,4.84,29.98,14.43,6.39,52.44,119.5,131.0,123.25119528172674
389,4.88,27.88,15.12,5.82,52.44,119.5,123.0,124.98163485608607
390,5.01,27.15,15.73,5.92,52.44,119.5,127.0,125.97788467153616
391,4.55,24.36,15.4,6.42,52.45,119.5,122.0,120.25171274381648
392,4.85,27.81,14.79,6.45,52.45,119.5,122.0,122.38505065369009
393,4.98,27.5,15.41,6.89,52.45,119.5,129.0,123.10467213398252
394,4.83,28.66,14.25,6.47,52.45,119.5,125.0,121.98069970278861
395,5.02,29.23,15.48,6.06,52.46,119.5,122.0,126.30051311750252
396,4.91,28.73,15.3,6.28,52.46,119.5,126.0,124.45375830327073
397,4.79,26.34,15.31,6.35,52.47,119.5,121.0,122.24447381821284
398,5.0,28.92,15.48,6.2,52.48,119.5,121.0,125.62813786924434
399,4.41,25.67,14.87,6.19,52.48,119.5,121.0,120.43595032542963
400,5.12,27.37,14.41,5.41,52.49,119.5,122.0,126.41816076832794
401,4.74,28.35,14.85,6.19,52.5,119.5,121.0,122.93848943025431
402,4.94,26.62,15.53,6.08,52.5,119.5,117.0,124.47477553940128
403,4.84,27.63,15.5,6.41,52.5,119.5,122.0,123.33629250527093
404,4.43,23.2,14.33,6.22,52.5,119.5,123.0,118.82507745512558
405,4.28,25.36,14.25,6.38,52.51,119.5,121.0,118.9054037247699
406,4.95,26.75,15.29,6.44,52.51,119.5,124.0,123.21409547564352
407,4.23,22.2,15.03,6.43,52.51,119.5,122.0,118.69567618079614
408,5.08,28.28,15.56,6.41,52.51,119.5,127.0,125.45581875631291
409,4.96,28.01,15.51,6.58,52.51,119.5,125.0,123.94280013700339
410,4.96,28.65,14.45,6.63,52.52,119.5,120.0,122.82631629403957
411,4.95,27.04,15.31,5.78,52.52,119.5,124.0,125.44363507502364
412,4.52,26.23,15.37,6.79,52.52,119.5,119.0,120.15092433765163
413,5.22,29.36,15.37,6.2,52.52,119.5,132.0,127.25832648115271
414,5.07,28.22,15.43,6.12,52.52,119.5,128.0,125.90857085571663
415,4.46,27.04,14.88,5.98,52.53,119.5,123.0,121.74194874916596
416,4.69,24.59,15.44,6.27,52.53,119.5,123.0,121.3314106028539
417,4.42,27.09,15.02,6.48,52.54,119.5,121.0,120.53061624715652
418,4.98,29.96,15.3,6.26,52.54,119.5,126.0,125.68718850131808
419,5.12,27.71,15.42,6.38,52.54,119.5,121.0,125.37209869831335
420,4.7,26.69,15.57,6.15,52.54,119.5,121.0,123.01105306734063
421,5.19,29.57,15.53,6.06,52.55,119.5,124.0,127.67854971081906
422,5.0,28.9,15.27,6.68,52.55,119.5,123.0,124.2513701428548
423,5.1,28.52,15.52,5.9,52.55,119.5,126.0,127.02019018507423
424,4.84,26.04,15.59,6.3,52.55,119.5,125.0,122.9512221720128
425,4.93,30.32,14.13,6.76,52.55,119.5,125.0,122.94268306339448
426,5.0,30.57,15.39,6.64,52.55,119.5,120.0,125.42806630153373
427,4.84,30.82,14.21,6.94,52.55,119.5,128.0,122.32636344779924
428,4.82,25.97,15.63,5.78,52.56,119.5,122.0,124.63347504677155
429,5.01,30.14,15.61,6.49,52.56,119.5,124.0,125.8669931468289
430,4.87,27.26,15.54,6.47,52.56,119.5,125.0,123.24149201351382
431,4.9,27.49,15.74,6.05,52.56,119.5,127.0,125.1182097872289
432,4.67,26.41,15.63,6.33,52.57,119.5,122.0,122.26943344212857
433,5.3,28.97,15.13,6.42,52.57,119.5,139.0,127.07264071556683
434,4.99,29.01,15.59,6.22,52.58,119.5,122.0,125.76676326709982
435,5.03,29.89,15.61,6.25,52.58,119.5,123.0,126.44957544969081
436,4.96,28.63,15.56,6.12,52.59,119.5,123.0,125.62510429407322
437,4.63,27.41,15.2,6.07,52.59,119.5,124.0,122.82026954490743
438,5.09,26.16,15.49,6.19,52.59,119.5,127.0,124.93978204518915
439,4.82,26.36,15.47,6.6,52.59,119.5,123.0,122.03236610470714
440,4.83,26.93,15.63,6.64,52.6,119.5,111.0,122.53635482999267
441,4.43,21.69,15.05,6.37,52.6,119.5,123.0,118.75407624289556
442,5.05,29.34,15.25,6.51,52.61,119.5,123.0,125.23131296970342
443,4.83,25.25,15.66,6.58,52.61,119.5,124.0,121.82639792319807
444,4.94,27.82,15.36,6.46,52.61,119.5,126.0,123.82923511423745
445,4.9,28.75,14.74,6.2,52.61,119.5,122.0,123.93912856430272
446,4.73,26.21,14.52,5.91,52.62,119.5,121.0,122.29637276265993
447,5.05,28.94,15.55,5.96,52.62,119.5,122.0,126.81869197520176
448,4.99,30.18,14.94,6.34,52.63,119.5,122.0,125.24294151076842
449,4.49,26.48,14.89,6.56,52.63,119.5,122.0,120.11631268428292
450,5.01,28.42,15.92,6.22,52.64,119.5,124.0,126.08283570314599
451,4.99,30.33,15.52,6.3,52.65,119.5,127.0,126.22026159306509
452,4.77,25.26,15.81,6.3,52.65,119.5,121.0,122.51648540476624
453,4.49,28.33,15.13,6.32,52.65,119.5,121.0,121.90953915749337
454,5.03,28.85,15.44,6.62,52.65,119.5,122.0,124.85623043871969
455,4.91,28.58,15.27,6.03,52.65,119.5,121.0,125.18497893986127
456,5.09,27.91,15.32,6.61,52.66,119.5,129.0,124.71693710947724
457,5.15,28.4,15.57,6.01,52.66,119.5,124.0,127.1111562742918
458,4.9,28.12,14.52,6.55,52.67,119.5,121.0,122.41768600055983
459,4.87,28.44,15.76,6.16,52.67,119.5,123.0,125.18517051760385
460,4.66,21.87,16.98,6.2,52.67,119.5,120.0,122.14127076054679
461,5.23,31.09,15.43,6.4,52.67,119.5,124.0,127.96271033811773
462,4.86,28.55,14.37,6.42,52.67,119.5,121.0,122.51556091254224
463,4.32,24.77,15.24,6.01,52.67,119.5,121.0,120.85661979317017
464,4.74,29.04,17.11,5.82,52.67,89.5,93.0,109.41012713836186
465,4.97,26.29,15.65,6.09,52.67,119.5,127.0,124.73047678626995
466,4.86,29.08,15.46,6.58,52.68,119.5,123.0,123.88172646475223
467,4.82,24.06,15.31,6.67,52.68,119.5,125.0,120.51690125109575
468,4.76,25.46,15.29,6.11,52.68,119.5,123.0,122.48984180497754
469,5.04,31.0,15.44,6.58,52.68,119.5,124.0,126.22237633672671
470,4.89,30.19,14.69,6.15,52.68,119.5,123.0,124.79382735226761
471,5.09,28.83,15.4,6.32,52.69,119.5,124.0,125.9140145679274
472,5.05,30.0,15.2,6.93,52.69,119.5,128.0,124.8740021359293
473,5.08,30.58,14.33,7.08,52.69,119.5,126.0,124.24179289567923
474,5.27,29.41,15.45,6.25,52.7,119.5,125.0,127.75945418130647
475,4.92,27.62,15.31,6.58,52.7,119.5,123.0,123.27127028913148
476,4.87,28.79,15.4,6.77,52.7,119.5,125.0,123.29395244280438
477,4.62,26.12,15.33,6.7,52.71,119.5,124.0,120.62084711468708
478,5.01,29.33,15.13,5.99,52.71,119.5,127.0,126.12581210487365
479,4.8,28.28,15.49,6.45,52.71,119.5,121.0,123.45889914366812
480,4.81,26.89,15.52,6.76,52.71,119.5,121.0,122.04617684016807
481,5.07,28.68,15.53,6.22,52.72,119.5,123.0,126.12864370993525
482,5.02,28.78,15.54,6.66,52.72,119.5,122.0,124.83263756097995
483,4.39,29.28,14.98,6.34,52.72,119.5,125.0,121.76856713560308
484,4.78,28.53,14.86,6.75,52.73,119.5,124.0,121.88406626776988
485,4.95,27.09,15.5,6.62,52.74,119.5,122.0,123.39257455416745
486,4.93,27.99,15.24,6.35,52.74,119.5,124.0,124.05419760463249
487,4.54,28.64,15.12,6.07,52.74,119.5,124.0,122.9865217934563
488,4.9,29.16,15.96,6.35,52.75,119.5,128.0,125.53042898113148
489,4.89,29.4,15.35,6.19,52.75,119.5,122.0,125.20100002712928
490,4.64,27.09,15.13,6.4,52.75,119.5,120.0,121.69974952062405
491,4.19,27.17,14.14,6.61,52.75,119.5,120.0,118.8654640734583
492,4.68,28.71,14.49,6.77,52.75,119.5,124.0,120.91271702709639
493,4.86,29.54,15.05,6.52,52.76,119.5,126.0,123.78463970348997
494,4.61,29.29,15.19,6.38,52.77,119.5,123.0,122.87795611800053
495,5.02,29.67,15.68,6.8,52.77,119.5,127.0,125.2914997569196
496,4.85,29.68,15.48,6.54,52.77,119.5,122.0,124.34592590734869
497,4.32,27.9,14.1,6.17,52.77,119.5,120.0,120.32325354547947
498,5.02,28.66,15.17,6.67,52.77,119.5,123.0,124.29607425651506
499,4.75,26.52,15.14,6.22,52.77,119.5,125.0,122.47008834999853
500,4.92,27.64,15.69,6.24,52.77,119.5,122.0,124.76223865507744
501,4.87,29.55,15.56,6.78,52.77,119.5,124.0,123.96899333326017
502,5.16,28.17,15.51,6.79,52.77,119.5,128.0,125.5119523168362
503,4.74,27.57,14.34,6.19,52.78,119.5,121.0,121.98027805526004
504,4.93,29.54,14.57,6.14,52.78,119.5,121.0,124.58761539455969
505,5.03,29.36,15.3,6.37,52.78,119.5,124.0,125.56078297625959
506,5.01,28.65,14.96,6.93,52.78,119.5,126.0,123.54293505601869
507,5.0,28.29,15.47,5.94,52.79,119.5,126.0,126.22904684321544
508,4.69,30.52,14.46,6.44,52.8,119.5,122.0,122.84392194969534
509,4.79,30.97,14.37,7.06,52.8,119.5,128.0,122.1893111712968
510,4.77,28.18,14.72,6.62,52.8,119.5,123.0,121.78181974188469
511,4.81,30.07,15.45,7.87,52.8,119.5,125.0,122.70651418300467
512,5.04,24.83,15.75,5.52,52.8,119.5,122.0,126.64902899429649
513,4.86,27.68,14.39,6.18,52.8,119.5,120.0,122.80081040092881
514,4.7,29.05,15.48,6.11,52.81,119.5,122.0,124.40910108823303
515,4.87,29.0,15.32,6.51,52.81,119.5,122.0,123.95608916438277
516,4.61,26.16,15.71,5.96,52.81,119.5,123.0,123.26463364052657
517,4.39,25.66,14.96,7.02,52.81,119.5,123.0,118.85659339692798
518,4.88,27.08,14.51,6.86,52.82,119.5,122.0,121.15860380147728
519,4.97,28.71,15.52,6.97,52.82,119.5,123.0,123.92482769100387
520,4.56,24.13,15.81,6.45,52.82,119.5,122.0,120.83460033079919
521,4.78,24.01,15.68,6.74,52.82,119.5,123.0,120.72169416813362
522,4.75,28.41,15.21,6.65,52.82,119.5,127.0,122.40258438921929
523,4.95,28.11,15.32,6.85,52.83,119.5,126.0,123.34293395843319
524,4.52,26.13,15.8,6.41,52.84,119.5,123.0,121.75003736167038
525,5.14,27.36,15.81,5.81,52.84,119.5,122.0,127.58991981390864
526,4.27,21.93,14.33,6.55,52.84,119.5,121.0,117.6875539856705
527,4.84,24.91,15.6,6.0,52.84,119.5,125.0,123.53494486978988
528,4.45,31.14,15.09,6.9,52.84,119.5,124.0,121.79683723793373
529,4.5,27.06,15.22,6.29,52.84,119.5,125.0,121.65405130134627
530,4.8,27.7,14.84,6.37,52.84,119.5,124.0,122.53806386734347
531,4.94,26.11,15.98,6.49,52.84,119.5,120.0,123.80136856986073
532,4.86,27.72,15.42,6.17,52.85,119.5,125.0,124.31592933415948
533,4.68,27.28,14.57,6.18,52.85,119.5,123.0,121.92565697787943
534,4.96,28.77,15.62,6.06,52.86,119.5,126.0,126.11950617511107
535,4.73,28.71,15.19,6.61,52.86,119.5,125.0,122.5575819110155
536,4.54,25.82,15.08,6.28,52.87,119.5,119.0,121.07681851244539
537,4.8,28.14,15.54,6.28,52.87,119.5,124.0,124.04092979761424
538,4.66,26.72,14.65,6.31,52.87,119.5,124.0,121.27611223710235
539,4.99,27.09,15.95,6.07,52.88,119.5,121.0,125.89055490000457
540,4.14,23.22,14.98,6.24,52.88,119.5,122.0,119.41442773144782
541,4.83,27.18,15.74,6.32,52.89,119.5,131.0,123.85466096618472
542,4.97,27.16,14.58,6.59,52.9,119.5,123.0,122.54330843300893
543,4.5,28.12,14.74,6.56,52.9,119.5,121.0,120.83943981377317
544,4.63,28.56,14.77,6.5,52.9,119.5,127.0,121.74126807385012
545,4.26,24.55,15.85,6.22,52.91,119.5,120.0,121.00587730070018
546,4.86,30.88,15.08,6.3,52.91,119.5,122.0,125.28511624020048
547,4.51,26.53,15.21,6.42,52.92,119.5,121.0,121.12833773085231
548,4.86,28.45,15.22,6.52,52.92,119.5,125.0,123.47742219239903
549,4.98,28.45,15.82,6.78,52.92,119.5,122.0,124.60560563470766
550,5.06,27.0,15.65,6.04,52.93,119.5,127.0,126.00424216925637
551,5.03,27.8,15.53,6.61,52.93,119.5,121.0,124.57932660782396
552,4.84,25.43,15.94,5.77,52.94,119.5,121.0,125.15831651693017
553,5.01,28.75,15.38,6.11,52.94,119.5,121.0,125.97596788127352
554,4.66,29.47,15.55,6.96,52.94,119.5,124.0,122.41944263651813
555,4.71,30.51,15.51,7.04,52.95,119.5,127.0,123.06863011848857
556,4.6,29.39,15.21,6.5,52.95,119.5,121.0,122.68198475621091
557,4.63,29.16,15.2,6.16,52.95,119.5,126.0,123.65023618792509
558,4.99,28.87,15.55,6.43,52.95,119.5,124.0,125.29613725712426
559,4.78,28.81,15.24,6.35,52.95,119.5,127.0,123.71967100545986
560,4.43,20.03,15.04,6.77,52.96,119.5,121.0,117.35067802715983
561,4.77,28.5,15.72,6.82,52.96,119.5,124.0,122.99592374315239
562,4.91,29.69,14.28,6.72,52.96,119.5,133.0,122.90360106678939
563,4.31,22.49,14.93,6.2,52.96,119.5,123.0,119.43792263836897
564,4.97,26.84,15.67,6.47,52.96,119.5,121.0,124.10721563296832
565,4.92,25.83,15.35,6.39,52.97,119.5,126.0,122.98623890179273
566,4.53,28.3,15.06,6.41,52.97,119.5,121.0,121.88400541876065
567,4.84,24.68,16.79,6.33,52.97,119.5,125.0,124.03581132051467
568,4.47,29.1,15.26,6.57,52.97,119.5,123.0,121.9110650288833
569,4.63,24.0,16.06,5.92,52.98,119.5,122.0,122.99615655527043
570,4.36,27.43,14.94,6.25,52.98,119.5,126.0,121.1762273760219
571,5.09,29.78,15.41,6.59,52.98,119.5,127.0,126.0468618721007
572,4.8,30.85,14.84,6.35,52.98,119.5,123.0,124.49878531712622
573,4.72,26.38,15.62,6.43,52.98,119.5,121.0,122.39883713496873
574,4.63,27.89,15.19,6.14,52.99,119.5,121.0,123.0525442062307
575,4.08,22.76,14.58,7.05,52.99,119.5,113.0,117.45395050173288
576,5.06,29.57,15.44,6.04,52.99,119.5,126.0,127.01708641989954
577,4.85,26.54,15.38,6.6,53.0,119.5,120.0,122.42446289589921
578,4.73,27.77,15.94,6.84,53.01,119.5,125.0,122.69772931871779
579,5.01,26.08,15.7,5.87,53.01,119.5,125.0,125.88549235760115
580,4.83,26.21,15.11,6.63,53.01,119.5,122.0,121.68951733325001
581,4.89,29.06,15.34,6.99,53.02,119.5,122.0,123.32271164847457
582,4.84,28.31,15.1,6.22,53.02,119.5,121.0,124.01026365839208
583,4.5,28.35,15.22,6.39,53.02,119.5,126.0,122.0895670078827
584,4.91,29.25,15.23,6.95,53.02,119.5,122.0,123.49182063469554
585,4.88,28.35,15.84,6.34,53.03,119.5,130.0,124.96825036492385
586,4.99,30.69,15.0,6.83,53.03,119.5,123.0,124.8432679813281
587,5.06,28.15,15.81,5.93,53.03,119.5,121.0,127.19336862624318
588,4.97,27.06,15.87,5.93,53.03,119.5,129.0,126.17781085625802
589,4.67,24.92,16.82,6.17,53.03,119.5,122.0,123.87575108982313
590,4.18,28.63,16.92,7.06,53.03,119.5,121.0,122.3515926034654
591,4.77,28.18,15.67,6.26,53.03,119.5,127.0,124.23525254195138
592,4.97,25.11,15.81,6.89,53.03,119.5,125.0,122.62463428726726
593,4.92,28.11,15.39,6.06,53.04,119.5,127.0,125.29654349552258
594,4.83,28.49,15.5,6.24,53.04,119.5,122.0,124.56853090989158
595,4.87,26.73,15.55,6.36,53.05,119.5,124.0,123.55261076122227
596,4.29,26.71,15.91,6.1,53.06,119.5,129.0,122.20071996655258
597,4.48,25.84,15.01,6.76,53.06,119.5,123.0,119.75067090941407
598,4.25,20.3,15.72,6.5,53.06,119.5,123.0,118.98861721560651
599,4.44,27.64,15.14,6.34,53.06,119.5,121.0,121.59661720269649
600,4.82,28.23,15.42,6.71,53.07,119.5,127.0,123.0105810933935
601,4.8,26.29,15.6,6.79,53.07,119.5,123.0,121.93203399516983
602,5.04,27.62,16.0,6.47,53.07,119.5,123.0,125.5688145755748
603,5.21,30.69,15.49,5.85,53.07,119.5,129.0,129.01177646915124
604,4.31,24.27,14.58,6.07,53.08,119.5,128.0,119.9717319337443
605,4.87,28.1,14.89,6.71,53.08,119.5,121.0,122.55860848045204
606,4.21,22.17,15.74,6.47,53.08,119.5,123.0,119.68690268068849
607,4.93,30.01,14.95,7.03,53.08,119.5,123.0,123.6280448241531
608,4.54,28.17,14.94,6.27,53.09,119.5,122.0,122.14852682571912
609,4.93,27.49,15.79,6.62,53.1,119.5,123.0,124.06910671629237
610,4.88,28.56,15.67,6.99,53.1,119.5,121.0,123.47759705812601
611,4.25,23.14,14.35,6.62,53.11,119.5,123.0,118.06978975037134
612,5.08,29.1,15.34,7.11,53.11,119.5,126.0,124.8793453295688
613,4.62,27.38,15.26,6.43,53.11,119.5,123.0,122.06128349068742
614,4.63,28.89,15.99,6.1,53.12,119.5,121.0,124.86674797696092
615,4.9,32.53,14.4,7.3,53.12,119.5,129.0,123.77759738074296
616,4.88,28.24,15.31,6.4,53.12,119.5,125.0,124.04328842864696
617,4.89,28.74,15.44,6.94,53.13,119.5,122.0,123.41827264902341
618,4.52,29.42,14.9,6.94,53.13,119.5,125.0,121.01416483442758
619,4.45,28.07,15.34,6.37,53.13,119.5,120.0,122.04548587693222
620,5.06,25.46,15.92,6.1,53.13,119.5,125.0,125.52703836197405
621,4.7,27.62,15.0,6.43,53.14,119.5,123.0,122.19297920569069
622,4.9,28.41,15.83,6.49,53.14,119.5,126.0,124.76618437658234
623,4.68,28.46,14.46,7.11,53.14,119.5,122.0,120.33016645099525
624,4.86,27.02,15.79,6.56,53.15,119.5,122.0,123.50374264943778
625,5.17,28.11,15.56,6.51,53.15,119.5,125.0,126.26044166755173
626,4.87,26.66,15.98,6.17,53.16,119.5,122.0,124.7773988341558
627,4.92,28.81,15.99,6.12,53.16,119.5,114.0,126.42202004172752
628,4.88,27.97,15.93,6.14,53.17,119.5,123.0,125.58133463490572
629,4.87,28.84,15.29,6.8,53.17,119.5,122.0,123.38383778951535
630,4.69,26.28,15.77,6.47,53.18,119.5,122.0,122.42465048539376
631,4.81,27.7,15.52,6.41,53.19,119.5,123.0,123.62189145431768
632,4.4,24.21,14.86,6.19,53.2,119.5,127.0,120.20912507018306
633,4.75,28.04,15.15,6.73,53.2,119.5,121.0,122.14708284139849
634,4.67,28.18,14.91,7.23,53.2,119.5,120.0,120.63601972171669
635,4.73,27.67,15.52,6.45,53.2,119.5,122.0,123.06665543884155
636,4.12,21.77,15.58,6.63,53.2,119.5,121.0,119.15551629249303
637,4.63,28.54,15.16,6.67,53.21,119.5,122.0,121.99443514183847
638,4.54,26.82,15.16,6.14,53.21,119.5,120.0,122.22211841064892
639,4.24,27.2,15.01,7.0,53.21,119.5,122.0,119.54098994271817
640,4.5,27.07,14.72,7.41,53.21,119.5,114.0,118.98835009152481
641,4.9,29.13,15.23,6.14,53.23,119.5,122.0,125.3597051033612
642,4.28,26.08,15.14,6.77,53.24,119.5,123.0,119.80095042020443
643,4.92,20.07,16.58,6.69,53.24,119.5,122.0,121.05962822954478
644,4.74,27.51,15.31,6.64,53.24,119.5,127.0,122.25982475454943
645,5.06,25.17,15.66,6.14,53.25,119.5,126.0,124.96107314412308
646,4.89,29.08,15.01,6.56,53.26,119.5,125.0,123.85215598681367
647,4.46,30.06,15.59,6.48,53.26,119.5,120.0,123.1602901647269
648,4.78,28.71,15.63,6.52,53.27,119.5,127.0,123.91682855309085
649,5.01,24.44,15.89,6.37,53.28,119.5,123.0,123.85409870481861
650,4.65,26.89,15.63,6.79,53.28,119.5,124.0,121.67146007385317
651,4.8,24.46,17.01,6.98,53.29,119.5,124.0,122.96842183860966
652,4.66,26.95,15.73,6.38,53.29,119.5,121.0,122.90162782579091
653,4.84,28.88,15.53,6.4,53.29,119.5,122.0,124.56382145519623
654,5.04,29.82,15.54,6.65,53.3,119.5,124.0,125.9102381286443
655,4.76,25.72,16.17,6.4,53.31,119.5,125.0,123.28952695487338
656,4.5,28.39,15.31,6.47,53.32,119.5,124.0,122.186728786616
657,5.23,28.3,15.77,6.03,53.32,119.5,125.0,128.19421054519577
658,4.47,27.43,15.15,6.19,53.32,119.5,122.0,122.14301027298163
659,4.39,27.55,15.26,6.59,53.34,119.5,119.0,121.13025393105599
660,4.57,28.41,14.84,6.84,53.34,119.5,123.0,120.9315636715155
661,5.15,30.56,15.4,6.15,53.34,119.5,121.0,127.94738095553944
662,4.94,26.91,15.7,5.9,53.34,119.5,119.0,125.93734925173753
663,4.56,27.45,15.23,6.23,53.35,119.5,123.0,122.5150194557263
664,4.41,27.87,15.02,6.64,53.35,119.5,121.0,120.8921870227611
665,4.71,29.46,14.59,7.1,53.36,119.5,122.0,121.34320965967936
666,4.48,29.37,15.47,6.67,53.38,119.5,123.0,122.35291126873959
667,4.99,29.09,16.23,6.44,53.38,119.5,122.0,126.57833713278904
668,4.72,27.55,15.85,6.2,53.39,119.5,121.0,124.27321101079436
669,4.93,29.68,15.39,6.74,53.39,119.5,124.0,124.67413783295925
670,4.89,27.71,16.1,5.88,53.39,119.5,123.0,126.72777736341324
671,4.91,25.91,15.7,5.81,53.39,119.5,123.0,125.57895083051383
672,4.82,27.52,15.83,6.75,53.39,119.5,125.0,123.30116470356158
673,4.21,27.66,15.03,6.3,53.39,119.5,126.0,121.0068499357561
674,4.79,26.46,15.65,5.96,53.4,119.5,123.0,124.57312037039718
675,4.67,28.4,14.89,7.31,53.42,119.5,122.0,120.75774032855595
676,4.32,23.21,15.67,6.56,53.42,119.5,121.0,120.00555415933772
677,4.83,28.57,15.98,6.25,53.43,119.5,121.0,125.49431284792053
678,4.73,26.1,15.94,6.54,53.43,119.5,124.0,122.71078143268569
679,4.87,24.57,15.7,6.24,53.43,119.5,121.0,123.17840639801952
680,4.78,28.1,15.81,6.32,53.43,119.5,125.0,124.49097622575721
681,4.8,28.43,15.45,6.85,53.44,119.5,123.0,122.97038818335817
682,4.64,28.42,15.86,6.77,53.44,119.5,123.0,122.88044990439023
683,5.04,29.38,15.61,6.46,53.44,119.5,121.0,126.22898816726743
684,4.43,26.45,15.17,6.69,53.44,119.5,121.0,120.48550496535339
685,4.83,29.67,15.42,6.24,53.45,119.5,130.0,125.35547576885635
686,4.94,30.16,15.43,6.02,53.46,119.5,125.0,126.91478857325033
687,4.91,28.04,15.94,6.87,53.46,119.5,122.0,124.17642363343923
688,4.79,28.84,15.28,6.4,53.47,119.5,124.0,124.00245905036785
689,4.53,28.35,15.45,6.97,53.47,119.5,120.0,121.45047524209154
690,4.64,27.52,16.93,6.53,53.47,119.5,121.0,124.54531603341151
691,4.67,24.77,15.75,6.52,53.48,119.5,122.0,121.58159056780698
692,4.8,25.97,16.13,6.35,53.48,119.5,122.0,123.82178293216887
693,4.92,27.65,15.87,6.28,53.49,119.5,122.0,125.31578331307048
694,5.06,28.43,15.55,6.29,53.49,119.5,121.0,126.21599454478597
695,4.33,29.14,14.64,6.65,53.5,119.5,128.0,120.77123591253873
696,4.16,25.2,15.44,6.86,53.51,119.5,110.0,119.76508391662313
697,4.83,28.12,15.6,6.88,53.53,119.5,124.0,123.2047052376925
698,4.9,26.11,15.65,6.18,53.53,119.5,126.0,124.3725015289591
699,4.46,26.83,15.02,6.72,53.54,119.5,122.0,120.49536189609358
700,4.86,25.47,16.28,6.6,53.55,119.5,122.0,123.48855132290583
701,5.04,28.1,15.5,6.16,53.56,119.5,122.0,126.21961679677587
702,4.91,30.41,15.36,6.42,53.58,119.5,125.0,125.76176456335541
703,4.85,27.72,15.98,6.43,53.58,119.5,123.0,124.69135431073475
704,4.85,25.91,15.99,6.28,53.59,119.5,124.0,124.15302487696452
705,4.81,30.1,15.03,6.61,53.6,119.5,126.0,124.03281033851043
706,4.18,26.36,15.8,6.9,53.61,119.5,109.0,120.59627876230718
707,4.79,28.19,15.23,7.03,53.63,119.5,125.0,122.28451083419081
708,4.51,27.71,15.14,6.67,53.65,119.5,122.0,121.36092286022875
709,4.74,27.89,15.69,6.6,53.67,119.5,120.0,123.35164188713162
710,4.22,26.04,14.5,6.49,53.68,119.5,115.0,119.6633695413823
711,4.79,26.39,15.97,6.65,53.68,119.5,124.0,123.09644859175538
712,4.42,26.37,14.6,6.43,53.68,119.5,126.0,120.41516384648833
713,4.68,29.18,15.43,6.27,53.69,119.5,123.0,124.32325537930996
714,4.3,27.02,15.1,6.78,53.7,119.5,121.0,120.32690504795227
715,4.39,25.87,14.44,7.1,53.71,119.5,121.0,118.56316136312475
716,4.65,27.97,15.98,6.39,53.71,119.5,124.0,123.95832076858979
717,4.96,31.14,15.43,6.78,53.72,119.5,126.0,125.89496076215876
718,4.87,30.35,15.29,6.46,53.72,119.5,123.0,125.35703569260771
719,5.0,27.9,15.51,6.9,53.72,119.5,124.0,124.33259773777199
720,4.42,29.38,15.35,6.68,53.72,119.5,122.0,122.1416963958334
721,4.65,28.32,15.48,6.89,53.73,119.5,123.0,122.24066954964016
722,4.49,27.69,14.8,6.26,53.74,119.5,127.0,121.9226161592263
723,4.96,28.95,15.66,6.17,53.74,119.5,122.0,126.4473316537863
724,4.79,28.84,15.84,6.46,53.75,119.5,125.0,124.78745130350389
725,4.34,29.36,15.22,6.65,53.75,119.5,121.0,121.77175124096907
726,4.66,29.9,15.15,6.77,53.75,119.5,123.0,122.93297983954535
727,4.77,26.68,15.98,6.21,53.76,119.5,114.0,124.42781689361186
728,4.62,27.17,16.11,6.55,53.8,119.5,122.0,123.22719568911857
729,4.43,22.98,16.07,6.42,53.81,119.5,123.0,121.02018174741875
730,4.82,28.91,15.34,6.83,53.81,119.5,117.0,123.46328554720255
731,4.79,29.34,15.82,7.09,53.82,119.5,123.0,123.77456969051835
732,4.92,26.99,15.54,7.3,53.83,119.5,125.0,122.92761072438925
733,4.78,24.88,16.17,6.31,53.84,119.5,121.0,123.50121799459684
734,3.96,26.72,15.6,7.24,53.87,119.5,112.0,119.78705093294555
735,4.91,28.26,15.97,6.43,53.88,119.5,123.0,125.53164325748328
736,4.29,29.16,15.08,7.69,53.88,119.5,121.0,119.88241197329117
737,4.65,28.54,14.62,6.98,53.89,119.5,122.0,121.06835397996028
738,4.72,24.7,16.44,6.06,53.9,119.5,121.0,124.30930863522842
739,4.47,27.84,15.6,6.71,53.94,119.5,115.0,122.01399901896862
740,5.07,25.31,16.05,6.31,53.94,119.5,126.0,125.53510687303618
741,4.93,25.88,16.36,5.8,53.96,89.5,128.0,108.80098202538707
742,3.98,21.6,15.09,7.84,53.96,119.5,117.0,117.28396901822266
743,4.37,27.18,15.53,6.64,54.0,119.5,122.0,121.54066151243812
744,4.92,28.67,15.54,6.2,54.01,119.5,128.0,125.9425271711318
745,4.77,26.01,16.13,6.76,54.02,119.5,122.0,122.99260865987151
746,4.82,25.91,15.97,6.63,54.03,119.5,122.0,123.25625386424602
747,5.03,28.72,16.21,6.63,54.04,119.5,122.0,126.58277598628888
748,4.84,25.24,15.41,5.19,54.05,119.5,125.0,126.65934475144357
749,4.34,19.27,15.36,9.72,54.06,119.5,124.0,117.21775863223425
750,4.85,28.45,15.85,6.35,54.07,119.5,122.0,125.42899381611608
751,4.89,26.52,15.99,5.52,54.07,119.5,130.0,127.48672485185811
752,4.46,28.76,15.21,6.59,54.08,119.5,123.0,122.20976339298018
753,4.77,26.58,16.06,6.69,54.08,119.5,124.0,123.36629766320895
754,4.86,28.44,15.7,7.78,54.12,119.5,126.0,123.40158738592316
755,5.04,28.69,15.96,6.32,54.12,89.5,117.0,108.50271294914594
756,4.91,28.58,15.9,6.51,54.12,119.5,121.0,125.54407733434067
757,4.91,28.27,15.71,6.13,54.17,119.5,125.0,126.21020096165786
758,4.7,28.34,15.93,7.12,54.22,119.5,122.0,123.08902168947046
759,4.55,28.49,16.49,7.35,54.27,119.5,102.0,123.16124350897711
760,4.97,28.0,15.57,6.2,54.27,119.5,125.0,126.09113796130544
761,4.86,27.01,16.48,6.52,54.28,119.5,124.0,125.2406767976028
762,4.58,28.36,16.17,7.2,54.33,119.5,125.0,122.8901706836811
763,4.79,27.19,16.07,6.46,54.48,119.5,128.0,124.6179821511446
764,4.81,28.52,16.23,6.67,54.54,119.5,122.0,125.21448240240476
765,4.87,28.71,15.68,7.64,54.55,119.5,126.0,123.82025585733652
766,4.88,29.26,15.91,6.23,54.58,119.5,127.0,126.79983724375265
767,4.4,29.17,15.06,6.89,54.58,119.5,128.0,121.61835953321892
768,4.78,28.32,14.47,6.62,55.07,119.5,124.0,122.91368695982118
769,4.72,29.69,15.89,6.74,55.13,119.5,122.0,125.05176448375448
770,4.83,27.41,15.79,6.6,55.21,119.5,125.0,124.6419533929
771,4.86,39.03,15.68,8.47,55.33,119.5,124.0,127.89518502945842
772,5.11,28.37,15.12,5.97,55.48,119.5,123.0,127.88225432041638
773,4.75,30.64,15.69,9.33,55.57,119.5,121.0,124.33895280511769
774,4.84,32.07,15.48,7.18,55.76,119.5,127.0,126.05794979445493
775,4.99,29.26,15.37,6.89,55.93,119.5,123.0,126.07730935158048
776,4.97,28.09,15.4,6.59,55.96,119.5,121.0,125.90354159320802
777,5.01,26.85,15.43,6.32,55.99,119.5,123.0,126.22743044386746
778,5.07,33.8,15.61,7.54,56.11,119.5,123.0,128.38839672714784
779,5.1,29.2,15.08,6.13,56.38,119.5,129.0,128.28348935829473
780,5.04,27.13,15.59,6.67,56.4,119.5,122.0,126.27617248261342
781,4.48,26.19,15.09,5.94,56.7,119.5,121.0,123.9847823581593
782,4.38,27.02,15.02,6.03,56.82,119.5,120.0,123.66436311246656
783,4.29,25.12,14.33,6.02,56.83,119.5,123.0,121.82208320363819
784,4.38,28.73,14.86,6.81,56.83,119.5,123.0,122.51713557267549
785,4.74,28.66,14.55,6.39,56.84,119.5,121.0,124.629713573685
786,4.56,22.39,14.21,7.03,56.88,119.5,122.0,119.02231007637359
787,4.66,27.55,16.1,6.16,56.98,119.5,122.0,126.49665481317673
788,4.36,25.29,14.49,6.08,57.07,119.5,126.0,122.28286424917552
789,4.51,24.68,15.05,5.8,57.1,119.5,126.0,123.98060544388593
790,4.97,27.34,15.39,6.65,57.11,119.5,124.0,126.03668141013213
791,4.78,27.36,14.41,6.51,57.27,119.5,121.0,123.89385225218243
792,4.27,25.74,15.14,5.8,57.31,119.5,121.0,123.5601675054272
793,4.35,25.47,14.97,6.5,57.33,119.5,124.0,122.18086524348927
794,4.64,28.13,15.87,6.28,57.9,119.5,120.0,126.58862254717566
795,5.27,31.83,15.37,9.17,57.92,119.5,128.0,128.18216117642277
796,4.86,25.75,15.92,7.95,58.03,119.5,120.0,124.61214866040123
797,4.87,27.34,17.32,6.62,58.05,119.5,126.0,128.6688017498793
798,4.23,26.57,14.64,6.09,58.54,119.5,124.0,123.17059385277388
799,4.06,21.12,15.29,7.62,58.56,119.5,119.0,119.9817725354115
800,4.96,30.51,15.38,6.97,59.5,119.5,122.0,128.4036427724515
801,4.82,25.91,15.99,6.96,59.56,119.5,127.0,125.97034246640615
802,4.97,25.8,15.74,6.28,60.46,119.5,130.0,128.4951012368146
803,5.1,38.81,15.58,10.33,60.73,119.5,121.0,129.01689449149654
804,4.71,29.33,15.59,6.69,60.77,119.5,120.0,127.85659270758678
805,4.88,28.73,15.63,5.65,61.53,119.5,123.0,131.58366246671426
806,4.59,30.84,15.82,8.11,61.82,119.5,124.0,126.49399030005122
807,4.53,20.84,15.98,6.65,62.11,119.5,121.0,124.2105648807642
808,4.96,26.68,15.91,6.56,62.31,119.5,120.0,129.5010498859269
809,4.76,32.98,19.4,6.75,64.06,119.5,135.0,136.91476940745386
810,4.27,24.43,15.46,7.27,64.44,119.5,125.0,125.07547489375135
811,4.73,34.41,19.1,6.21,65.24,119.5,139.0,139.13235853072268
812,4.59,33.56,18.6,7.14,65.28,119.5,133.0,134.95513465291472
813,5.04,31.8,15.15,7.67,66.98,119.5,123.0,131.80938908668645
814,4.95,30.55,15.49,8.12,66.98,119.5,124.0,130.45982881933116
815,4.76,31.72,18.76,7.38,67.0,119.5,149.0,135.39496552166017
816,4.5,32.91,20.59,6.76,67.73,119.5,145.0,138.86680649289332
817,4.62,34.29,19.0,5.97,68.02,149.5,154.0,159.0618784491162
818,4.73,36.16,19.57,5.93,68.12,149.5,163.0,160.95711236117938
819,4.56,35.01,19.09,5.69,68.2,149.5,164.0,158.92883353419177
820,5.0,37.48,19.17,5.5,68.32,149.5,169.0,161.38515359177853
821,4.98,38.4,20.04,5.84,68.39,149.5,160.0,162.58121627609148
822,4.92,32.24,15.61,8.25,68.4,119.5,124.0,131.3771263237224
823,4.75,39.27,19.14,5.62,68.43,149.5,156.0,161.4184802701826
824,4.56,36.77,19.03,6.46,68.64,149.5,151.0,158.67253093910296
825,4.5,26.93,20.06,6.4,68.71,149.5,155.0,154.0468908160235
826,4.79,37.57,19.67,6.4,68.73,149.5,162.0,161.02060012474595
827,4.35,33.37,18.8,5.88,68.75,149.5,154.0,155.7749179928032
828,4.39,34.94,19.05,5.83,68.76,149.5,152.0,157.19363426045928
829,4.83,36.14,19.59,6.35,68.77,149.5,165.0,160.92377723065675
830,5.05,37.96,20.63,5.72,68.81,149.5,172.0,163.0553070741551
831,4.99,34.85,20.68,5.94,68.81,149.5,164.0,162.2522960778945
832,4.76,33.22,19.16,6.12,68.82,149.5,157.0,159.8205182539499
833,4.93,36.82,20.48,5.74,68.83,149.5,165.0,162.70956310376644
834,4.45,35.71,19.05,5.92,68.9,149.5,155.0,158.25629682151535
835,4.25,34.29,20.44,6.17,68.92,149.5,150.0,155.84491064324462
836,4.92,36.83,19.87,6.31,68.95,149.5,157.0,161.64587201680763
837,4.52,32.9,19.09,5.79,68.95,149.5,156.0,157.98754745946076
838,4.89,39.79,20.94,6.03,68.96,149.5,154.0,163.43122087906187
839,4.88,33.8,19.76,5.95,68.96,149.5,171.0,161.15950112567805
840,5.14,36.21,18.92,5.55,68.97,149.5,173.0,160.81016908959285
841,4.86,35.88,18.83,6.01,68.97,149.5,165.0,160.89617370207526
842,4.48,36.18,19.13,5.8,69.0,149.5,162.0,158.87144684773222
843,4.56,32.95,20.38,5.45,69.0,149.5,153.0,159.08673161763488
844,4.73,41.62,19.89,6.06,69.01,149.5,157.0,162.28109434748697
845,4.37,27.64,19.24,6.21,69.08,149.5,154.0,152.96506566120536
846,4.59,37.5,19.19,6.37,69.09,149.5,155.0,159.65014085888393
847,4.75,38.11,20.27,5.64,69.12,149.5,167.0,162.39915407561426
848,4.42,36.15,19.14,6.14,69.12,149.5,165.0,158.01953697496813
849,4.26,34.04,18.95,6.19,69.14,149.5,152.0,154.90201366580126
850,4.67,33.68,19.69,5.86,69.15,149.5,159.0,160.22390382478306
851,4.64,38.86,19.69,6.25,69.21,149.5,166.0,161.0197762666657
852,4.77,34.41,19.3,6.16,69.22,149.5,157.0,160.5063499194178
853,4.38,28.69,19.45,6.84,69.23,149.5,156.0,152.43382880549788
854,4.9,40.73,20.08,5.81,69.24,149.5,160.0,163.19443467483686
855,4.78,37.11,19.93,6.9,69.29,154.5,155.0,161.782090767474
856,4.49,25.31,19.56,6.12,69.29,149.5,160.0,152.98901176970196
857,4.77,40.3,20.3,5.85,69.29,154.5,167.0,165.37429743990396
858,4.57,34.63,20.15,6.08,69.3,149.5,162.0,160.00711069826622
859,4.44,35.64,18.86,6.03,69.32,149.5,153.0,158.04186753264077
860,4.42,32.08,20.62,6.27,69.32,149.5,153.0,157.29815626162417
861,4.61,33.46,20.14,6.13,69.34,149.5,157.0,159.85864815565463
862,4.37,32.64,19.3,5.87,69.37,149.5,158.0,156.35234523666136
863,4.67,28.95,20.16,6.42,69.37,149.5,167.0,157.30641176963627
864,4.39,34.44,20.48,6.44,69.38,149.5,153.0,157.58523924636688
865,4.49,35.7,19.11,6.39,69.41,149.5,155.0,158.2439653945169
866,4.96,41.06,20.92,5.85,69.42,149.5,165.0,163.95940884735
867,5.06,39.78,19.82,6.23,69.43,149.5,165.0,162.32806119425015
868,4.25,35.29,18.95,6.51,69.43,149.5,154.0,154.80607866874246
869,4.97,41.06,18.71,6.34,69.45,149.5,169.0,161.2476355046094
870,4.56,31.94,19.1,6.78,69.47,149.5,156.0,155.94768814436935
871,4.49,38.24,19.4,5.96,69.47,149.5,163.0,159.86162302768287
872,4.33,33.4,19.04,5.88,69.48,149.5,152.0,155.9956087164185
873,4.71,34.66,18.91,6.07,69.48,149.5,154.0,160.14866148926978
874,4.41,33.13,18.95,6.49,69.48,149.5,155.0,155.99994037273464
875,4.41,34.45,18.91,6.34,69.49,149.5,156.0,156.89827894030483
876,4.44,36.0,18.79,5.94,69.49,149.5,155.0,158.21922291849876
877,4.71,35.56,19.12,6.22,69.54,149.5,153.0,160.39889981727976
878,4.16,35.25,19.16,6.2,69.57,149.5,151.0,154.26048232951197
879,4.57,37.67,18.95,6.41,69.61,149.5,155.0,159.37228107551334
880,4.56,35.35,20.18,6.06,69.62,149.5,156.0,160.31072398090743
881,4.9,37.03,19.86,6.39,69.63,149.5,159.0,161.64721059509907
882,4.73,32.02,20.46,6.12,69.63,149.5,154.0,160.38308763577538
883,4.45,33.68,20.24,6.2,69.64,149.5,151.0,158.3829518841534
884,4.83,36.31,18.72,6.5,69.66,149.5,156.0,159.93508112226073
885,4.67,34.95,19.28,6.03,69.67,149.5,154.0,160.4396989124732
886,4.77,33.01,19.27,6.41,69.67,149.5,155.0,159.51414539017617
887,4.55,36.54,19.77,6.76,69.69,149.5,157.0,158.36641956984062
888,4.34,37.22,19.14,6.4,69.71,149.5,153.0,157.1165024756068
889,4.26,34.03,19.7,6.28,69.73,149.5,155.0,155.6009486844141
890,4.32,29.45,20.24,6.72,69.73,149.5,153.0,153.5399274078358
891,4.61,36.83,19.81,6.39,69.76,149.5,159.0,160.32311802546448
892,4.84,36.58,19.14,6.14,69.77,149.5,156.0,161.40853865659923
893,4.7,37.44,20.23,6.29,69.77,149.5,160.0,161.63840162444205
894,4.86,39.49,18.96,6.53,69.78,149.5,160.0,160.7344515998777
895,4.64,37.53,19.56,6.55,69.78,149.5,156.0,159.98550276091737
896,4.65,36.49,19.84,6.01,69.83,149.5,153.0,161.27485985428592
897,4.61,34.94,22.03,6.09,69.84,149.5,151.0,161.60511325353136
898,4.57,36.03,20.1,6.41,69.85,149.5,158.0,159.98289259042093
899,4.57,34.48,20.17,6.14,69.85,149.5,153.0,160.08148227235137
900,4.67,35.92,20.05,6.38,69.86,149.5,155.0,160.76289666082192
901,4.75,37.05,20.31,6.25,69.87,149.5,162.0,161.99877821141655
902,4.87,34.05,19.94,6.78,69.87,154.5,156.0,162.1038547209248
903,4.33,31.01,19.02,6.2,69.88,149.5,152.0,154.73086812272268
904,4.69,36.69,20.04,6.22,69.89,149.5,162.0,161.45856320800794
905,4.92,40.0,18.7,6.16,69.89,149.5,163.0,161.68561774337655
906,4.44,38.06,19.44,6.38,69.91,149.5,165.0,158.83329914492862
907,4.64,39.11,20.03,6.65,69.92,149.5,154.0,160.32850610232887
908,4.44,29.95,20.27,6.46,69.92,149.5,146.0,156.00092856591996
909,4.82,37.7,19.13,6.54,69.93,149.5,154.0,160.53854930831145
910,4.53,37.99,19.92,6.48,69.93,149.5,155.0,159.79752594830637
911,4.37,37.34,20.47,6.25,69.94,149.5,159.0,158.8173416932081
912,4.38,36.35,19.89,6.38,69.95,149.5,153.0,158.04669469568276
913,4.39,26.13,19.49,6.09,69.95,149.5,154.0,152.7689530089254
914,4.83,34.93,21.08,6.25,69.95,149.5,162.0,162.30814438260342
915,4.4,31.08,19.96,6.6,69.95,149.5,159.0,155.6025598112158
916,4.86,39.34,20.57,5.81,69.96,149.5,160.0,163.53370318409836
917,4.55,35.63,19.85,6.62,69.97,149.5,157.0,158.8520876562833
918,4.94,37.07,20.04,6.06,69.98,149.5,168.0,162.6315900501931
919,4.5,32.8,19.56,6.32,69.98,149.5,159.0,157.98211951732648
920,4.4,34.68,19.64,6.99,69.98,149.5,159.0,155.2387940079729
921,4.36,28.48,19.69,6.32,70.02,149.5,166.0,153.9881041739905
922,4.72,37.51,19.39,6.45,70.02,149.5,155.0,160.70454705660376
923,4.87,34.31,20.14,6.39,70.03,149.5,166.0,161.24752351302868
924,4.37,34.39,19.07,6.36,70.03,149.5,158.0,156.68362430704835
925,4.41,33.48,19.13,6.43,70.05,149.5,154.0,156.68686974352244
926,4.72,37.31,21.23,5.87,70.05,149.5,162.0,162.99097835580653
927,4.42,31.28,19.71,6.66,70.05,149.5,157.0,155.56167340651362
928,4.67,36.48,19.27,6.4,70.07,149.5,155.0,160.26103681171182
929,4.52,34.89,19.77,6.26,70.07,149.5,155.0,159.33633917228025
930,4.84,37.19,20.11,6.37,70.09,149.5,167.0,161.96404815750586
931,4.3,32.21,20.67,6.56,70.09,149.5,152.0,155.6365261060787
932,4.79,40.21,19.95,7.09,70.09,154.5,162.0,161.45987876602834
933,4.87,37.64,19.85,6.67,70.1,149.5,170.0,160.8312356578815
934,4.85,37.33,20.16,6.21,70.11,149.5,160.0,162.446552625427
935,4.35,28.22,19.11,7.37,70.12,149.5,154.0,149.3590956507099
936,4.66,35.24,20.54,6.45,70.12,149.5,156.0,160.74108778763406
937,4.56,35.79,19.79,6.62,70.13,149.5,160.0,158.98594594647287
938,4.54,36.98,20.17,6.17,70.16,149.5,160.0,160.6152892696538
939,4.35,34.57,19.99,6.62,70.17,149.5,159.0,156.60783984518056
940,4.68,35.96,20.62,6.4,70.17,149.5,158.0,161.29179966925926
941,4.41,34.22,20.48,6.32,70.19,149.5,153.0,158.28145423489943
942,4.52,34.82,19.13,6.17,70.19,149.5,154.0,158.9958474075835
943,4.89,38.85,19.88,6.33,70.2,149.5,164.0,162.2750760335174
944,4.52,36.04,19.14,6.64,70.21,149.5,156.0,158.09009193108358
945,4.55,29.52,19.23,7.18,70.21,149.5,157.0,152.8667909211434
946,4.57,34.34,20.5,6.33,70.22,149.5,161.0,160.0354627669973
947,4.21,33.12,19.14,6.16,70.22,149.5,152.0,154.36385353668587
948,4.39,33.9,19.19,6.63,70.23,149.5,153.0,156.13298728427486
949,4.49,31.24,20.3,6.13,70.23,149.5,155.0,157.99594047530206
950,4.66,33.88,20.4,6.34,70.24,149.5,157.0,160.51131052825997
951,4.6,34.7,20.59,6.47,70.24,149.5,161.0,160.12772469000004
952,4.53,35.09,20.39,6.46,70.25,154.5,163.0,162.08357200102233
953,4.29,35.71,19.01,6.34,70.26,149.5,150.0,156.21738188116345
954,4.6,36.06,20.61,6.34,70.27,149.5,155.0,160.9057049936104
955,4.42,36.19,20.46,6.13,70.28,149.5,153.0,159.37367915305782
956,4.75,38.82,19.9,6.65,70.31,154.5,156.0,163.38815239574444
957,4.7,36.16,21.39,6.6,70.34,149.5,154.0,161.37354404985766
958,4.64,34.69,20.37,6.27,70.34,154.5,155.0,163.40730384995064
959,4.45,38.15,19.88,6.33,70.36,149.5,152.0,159.54433914432465
960,4.84,38.63,18.94,6.84,70.37,149.5,156.0,159.38389789147405
961,4.53,37.28,20.35,6.03,70.4,154.5,158.0,163.500915074681
962,4.57,35.56,19.16,6.88,70.4,149.5,155.0,157.30144981947052
963,4.27,36.66,20.78,6.52,70.4,149.5,152.0,157.1738219309538
964,4.72,36.89,20.76,5.85,70.43,149.5,157.0,162.7395323773548
965,4.64,39.47,20.39,6.86,70.44,149.5,164.0,159.88972624234262
966,4.61,37.46,20.11,6.85,70.44,149.5,164.0,159.1349185022031
967,4.5,35.36,20.17,6.29,70.45,149.5,158.0,159.64087520963847
968,4.56,28.92,20.11,6.3,70.46,149.5,154.0,156.9880921584248
969,4.65,39.78,20.33,6.76,70.49,149.5,153.0,160.42420631432722
970,4.43,36.5,19.73,6.58,70.5,149.5,152.0,158.16922432259796
971,4.6,36.23,20.81,6.71,70.5,149.5,156.0,159.95521258746038
972,4.73,38.21,20.42,6.15,70.52,149.5,158.0,162.58201476264776
973,4.78,35.77,20.5,6.11,70.52,149.5,158.0,162.3920791183194
974,4.52,37.76,20.18,6.49,70.53,154.5,150.0,162.52240101051152
975,4.72,37.02,20.65,6.04,70.54,149.5,160.0,162.6072758653333
976,4.32,32.66,20.96,6.45,70.55,149.5,155.0,156.683194116236
977,4.56,38.3,19.8,6.84,70.57,149.5,155.0,158.78931014326895
978,4.47,35.69,19.11,6.25,70.57,149.5,153.0,158.7378244659913
979,4.61,33.28,20.23,6.59,70.58,149.5,154.0,159.13446103946524
980,4.56,35.71,20.77,6.19,70.59,149.5,158.0,160.93859502695142
981,4.81,35.54,19.98,6.64,70.59,154.5,160.0,163.2006473637174
982,4.55,33.61,19.54,6.53,70.6,149.5,161.0,158.4203478440587
983,4.69,34.72,20.29,6.38,70.61,149.5,156.0,160.94131249870108
984,4.41,37.5,20.13,6.83,70.65,149.5,158.0,157.61094936161595
985,4.34,33.32,20.18,6.49,70.65,149.5,152.0,156.6738352225562
986,4.6,34.22,20.82,6.57,70.66,149.5,151.0,159.93121585377358
987,4.25,34.23,19.15,6.67,70.7,149.5,152.0,154.5956566154345
988,4.63,35.52,20.64,6.5,70.7,149.5,151.0,160.7015728036352
989,4.4,35.73,20.56,6.57,70.71,149.5,154.0,158.31547470265227
990,4.5,36.87,20.94,6.49,70.72,149.5,157.0,160.15670573612678
991,4.4,37.97,20.36,6.57,70.73,149.5,158.0,158.78076013278675
992,4.79,41.58,20.73,6.14,70.75,149.5,166.0,163.51132390544734
993,4.77,37.82,20.52,6.46,70.76,149.5,159.0,162.0837593002629
994,4.55,37.8,19.55,6.65,70.77,149.5,162.0,159.29110471145518
995,4.54,36.96,20.36,6.29,70.77,154.5,163.0,163.25297918607117
996,4.66,38.53,19.41,6.54,70.8,149.5,161.0,160.50564296847685
997,4.71,36.26,20.67,6.4,70.8,149.5,156.0,161.76991229849753
998,4.38,30.75,20.42,6.13,70.83,149.5,152.0,156.68307384717758
